name,lat,lon,district,block,village,shelter,location,description
GUAGARIA,21.86752819,87.2456223,BALASORE,GUAGARIA,JALESWAR,MFS(CMRF),GUAGARIA,
JALAKOPARIA,21.77914619,87.30527907,BALASORE,JALAKOPARIA,JALESWAR,MFS(CMRF),JALAKOPARIA,
MAHAGABA,21.73741437,87.41380117,BALASORE,MAHAGABA,BHOGARAI,MFS(CMRF),MAHAGABA,
JUNBALDA,21.73439291,87.13722136,BALASORE,JUNBALDA,BASTA,MFS(CMRF),JUNBALDA,
PUTINA,21.71865877,87.36726394,BALASORE,PUTINA,BHOGARAI,MFS(St.Plan),PUTINA,
CHORMARA,21.719568,87.21601519,BALASORE,CHORMARA,JALESWAR,MFS(CMRF),CHORMARA,
NACHINDA,21.71747521,87.32780394,BALASORE,NACHINDA,BHOGARAI,MFS(St.Plan),NACHINDA,
PUNSKULI,21.7093932,87.1683751,BALASORE,PUNSKULI,BASTA,MFS(St.Plan),PUNSKULI,
BALIAPAL,21.70412431,87.22085076,BALASORE,BALIAPAL,JALESWAR,MFS(CMRF),BALIAPAL,
BARHAPAL,21.68214153,87.29926578,BALASORE,BARHAPAL,BALIAPALA,MFS(St.Plan),BARHAPAL,
JALESWARPUR,21.67639693,87.40066634,BALASORE,JALESWARPUR,BHOGARAI,NCRMP-AF,JALESWARPUR,
NILPURA,21.68350092,87.34307559,BALASORE,NILPURA,BHOGARAI,MFS(St.Plan),NILPURA,
MANUNAGA,21.66795485,87.31772461,BALASORE,MANUNAGA,BHOGARAI,MFS(CMRF),MANUNAGA,
RASALPUR,21.66436348,87.3280253,BALASORE,RASALPUR,BALIAPALA,MFS(CMRF),RASALPUR,
KASIMPUR,21.65332444,87.36813848,BALASORE,KASIMPUR,BHOGARAI,NCRMP,KASIMPUR,
SIALIA,21.64963205,87.40888016,BALASORE,SIALIA,BHOGARAI,IRCS,SIALIA,
DWARPATNA,21.65070767,87.38894198,BALASORE,DWARPATNA,BHOGARAI,IRCS,DWARPATNA,
PASARBINDHA,21.63443828,87.3960012,BALASORE,PASARBINDHA,BHOGARAI,IRCS,PASARBINDHA,
TENGRAMARI,21.64028517,87.37895678,BALASORE,TENGRAMARI,BHOGARAI,NCRMP-AF,TENGRAMARI,
DEULA,21.63504053,87.25023249,BALASORE,DEULA,BALIAPALA,NCRMP,DEULA,
JAMKUNDA,21.63534751,87.30436557,BALASORE,JAMKUNDA,BALIAPALA,IRCS,JAMKUNDA,
JAMKUNDA,21.63162135,87.33399889,BALASORE,JAMKUNDA,BALIAPALA,NCRMP,JAMKUNDA,
JAIRAMPUR,21.64136252,87.39280108,BALASORE,JAIRAMPUR,BHOGARAI,NCRMP,JAIRAMPUR,
BARA SARISA,21.63056123,87.45953615,BALASORE,BARA SARISA,BHOGARAI,NCRMP,BARA SARISA,
SANKARPUR,21.6225437,86.87960096,BALASORE,SANKARPUR,REMUNA,MFS(St.Plan),SANKARPUR,
SAHABHAJAPUR,21.62468693,87.47986488,BALASORE,SAHABHAJAPUR,BHOGARAI,MCS,SAHABHAJAPUR,
KUMBHIRGADI,21.62470562,87.35415454,BALASORE,KUMBHIRGADI,BHOGARAI,NCRMP,KUMBHIRGADI,
KALNAGARI,21.62096018,87.15035966,BALASORE,KALNAGARI,BASTA,NCRMP,KALNAGARI,
UDAIPUR,21.61575012,87.48099593,BALASORE,UDAIPUR,BHOGARAI,MCS,UDAIPUR,
POKAMURI,21.60941991,87.29830991,BALASORE,POKAMURI,BALIAPALA,NCRMP,POKAMURI,
KRISHNANAGARI,21.60869099,87.44278574,BALASORE,KRISHNANAGARI,BHOGARAI,MCS,KRISHNANAGARI,
RANAKOTHA,21.60494643,87.39111114,BALASORE,RANAKOTHA,BHOGARAI,IRCS,RANAKOTHA,
KANYANAGARI,21.6073076,87.43644668,BALASORE,KANYANAGARI,BHOGARAI,MFS(St.Plan),KANYANAGARI,
SHANKHUD,21.60475673,87.14925316,BALASORE,SHANKHUD,BALIAPALA,NCRMP-AF,SHANKHUD,
BICHITRAPUR,21.60618534,87.41660983,BALASORE,BICHITRAPUR,BHOGARAI,MCS,BICHITRAPUR,
NABHARA,21.60453136,87.28790295,BALASORE,NABHARA,BALIAPALA,MCS,NABHARA,
MAHABELA,21.60333377,87.19156109,BALASORE,MAHABELA,BALIAPALA,NCRMP,MAHABELA,
KANTHIBHAUNIRI,21.60386265,87.40998903,BALASORE,KANTHIBHAUNIRI,BHOGARAI,NCRMP-AF,KANTHIBHAUNIRI,
PRATABPUR,21.59944208,87.26914596,BALASORE,PRATABPUR,BALIAPALA,MCS,PRATABPUR,
BULANG,21.59530601,87.16265229,BALASORE,BULANG,BALIAPALA,NCRMP-AF,BULANG,
KUNDOLI,21.59542649,87.12727976,BALASORE,KUNDOLI,BALIAPALA,NCRMP,KUNDOLI,
BINJHA,21.59117528,87.08958363,BALASORE,BINJHA,BALASORE,NCRMP,BINJHA,
SURADIHA,21.59188765,87.26562515,BALASORE,SURADIHA,BALIAPALA,NCRMP,SURADIHA,
MAHAPADA,21.5844515,87.1387381,BALASORE,MAHAPADA,BALIAPALA,MFS(St.Plan),MAHAPADA,
PUNDAL,21.58360328,86.77498648,BALASORE,PUNDAL,NILAGIRI,MFS(St.Plan),PUNDAL,
BAGDA,21.58714489,87.23793132,BALASORE,BAGDA,BALIAPALA,IRCS,BAGDA,
ANDEULA,21.58417836,87.23674425,BALASORE,ANDEULA,BALIAPALA,IRCS,ANDEULA,
KASHIPUR,21.58518902,87.26730018,BALASORE,KASHIPUR,BALIAPALA,NCRMP,KASHIPUR,
DAGARA,21.57641625,87.28185694,BALASORE,DAGARA,BALIAPALA,NCRMP,DAGARA,
BISHIKADEIPUR,21.58300136,87.12529701,BALASORE,BISHIKADEIPUR,BALASORE,NCRMP,BISHIKADEIPUR,
KIRTANIA,21.58051063,87.35645998,BALASORE,KIRTANIA,BHOGARAI,NCRMP,KIRTANIA,
GOBINDAPUR,21.58233918,87.15459483,BALASORE,GOBINDAPUR,BALIAPALA,NCRMP,GOBINDAPUR,
SAUDIHI,21.58188869,87.15109903,BALASORE,SAUDIHI,BALIAPALA,NCRMP,SAUDIHI,
ALADIHA,21.58320794,87.2636517,BALASORE,ALADIHA,BALIAPALA,NCRMP,ALADIHA,
GURUDA,21.58211417,86.85092521,BALASORE,GURUDA,REMUNA,MFS(St.Plan),GURUDA,
BHANUPUR,21.57563549,87.20413959,BALASORE,BHANUPUR,BALIAPALA,NCRMP,BHANUPUR,
KORLISAHI,21.57809645,87.05780505,BALASORE,KORLISAHI,BALASORE,NCRMP,KORLISAHI,
NARAYANPUR,21.56348395,87.27710275,BALASORE,NARAYANPUR,BALIAPALA,NCRMP-AF,NARAYANPUR,
BALIBILI,21.57914261,87.25323874,BALASORE,BALIBILI,BALIAPALA,IRCS,BALIBILI,
PACHUPALI,21.56739612,87.19861856,BALASORE,PACHUPALI,BALIAPALA,NCRMP-AF,PACHUPALI,
KATARAMAHAL,21.56778055,87.21676522,BALASORE,KATARAMAHAL,BALIAPALA,IRCS,KATARAMAHAL,
NARAYANPUR PANTHAL,21.57164128,87.2725501,BALASORE,NARAYANPUR PANTHAL,BALIAPALA,MCS,NARAYANPUR PANTHAL,
CHAUMUKH,21.56600787,87.31245972,BALASORE,CHAUMUKH,BALIAPALA,MCS,CHAUMUKH,
KAKRAPALI,21.5607809,87.35206785,BALASORE,KAKRAPALI,BALIAPALA,NCRMP,KAKRAPALI,
KAURIPUR,21.56047797,86.98127288,BALASORE,KAURIPUR,BALASORE,MFS(St.Plan),KAURIPUR,
PANCHPARA,21.56174091,87.07519705,BALASORE,PANCHPARA,BALASORE,NCRMP,PANCHPARA,
KALSHIMULI,21.55410857,87.18377264,BALASORE,KALSHIMULI,BALIAPALA,MCS,KALSHIMULI,
CHHALLA,21.55359993,87.15702445,BALASORE,CHHALLA,BALIAPALA,MFS(CMRF),CHHALLA,
MAHAPADA,21.55387979,87.02845303,BALASORE,MAHAPADA,BALASORE,NCRMP-AF,MAHAPADA,
JAMUNASHUL,21.54904571,87.22031403,BALASORE,JAMUNASHUL,BALIAPALA,NCRMP,JAMUNASHUL,
ALUMARA,21.56696636,87.12743959,BALASORE,ALUMARA,BALASORE,NCRMP,ALUMARA,
JAMBHIRAL,21.54731817,87.18469638,BALASORE,JAMBHIRAL,BALIAPALA,MCS,JAMBHIRAL,
SANGOBRA,21.54414976,87.04554995,BALASORE,SANGOBRA,BALASORE,MFS(St.Plan),SANGOBRA,
KASAPHAL,21.53326741,87.14690946,BALASORE,KASAPHAL,BALASORE,MCS,KASAPHAL,
SARTHA,21.57425349,87.10432712,BALASORE,SARTHA,BALASORE,NCRMP,SARTHA,
SARTHA CHOK,21.52232044,87.11846037,BALASORE,SARTHA CHOK,BALASORE,NCRMP,SARTHA CHOK,
GANESHWARPUR,21.51491306,86.89164565,BALASORE,GANESHWARPUR,REMUNA,NCRMP,GANESHWARPUR,
GOPINATHPUR,21.51287777,87.02323969,BALASORE,GOPINATHPUR,BALASORE,NCRMP,GOPINATHPUR,
SINDHIA,21.50747022,86.94952169,BALASORE,SINDHIA,BALASORE,NCRMP-AF,SINDHIA,
BAHABALPUR,21.51319342,87.10960125,BALASORE,BAHABALPUR,BALASORE,NCRMP,BAHABALPUR,
BALACHA,21.50498467,86.9658761,BALASORE,BALACHA,BALASORE,NCRMP-AF,BALACHA,
POKHARABAD,21.49698647,86.97461888,BALASORE,POKHARABAD,BALASORE,NCRMP-AF,POKHARABAD,
PARAKHI,21.49260239,87.05580116,BALASORE,PARAKHI,BALASORE,NCRMP,PARAKHI,
KAYAKADALA,21.47675174,87.0073713,BALASORE,KAYAKADALA,BALASORE,NCRMP,KAYAKADALA,
TALABOROI,21.48540562,87.06794754,BALASORE,TALABOROI,BALASORE,MCS,TALABOROI,
SHRIKANA,21.46173075,87.00621752,BALASORE,SHRIKANA,BALASORE,NCRMP-AF,SHRIKANA,
SRIKANA,21.46689876,87.05274114,BALASORE,SRIKANA,BALASORE,NCRMP,SRIKANA,
RANASAHI,21.45254394,86.95110238,BALASORE,RANASAHI,BALASORE,MCS,RANASAHI,
HIDIGAN,21.44273322,86.99200879,BALASORE,HIDIGAN,BALASORE,NCRMP,HIDIGAN,
POKHARA SASAN,21.4452476,86.89334367,BALASORE,POKHARA SASAN,BALASORE,NCRMP-AF,POKHARA SASAN,
GUDU,21.41658438,86.98256856,BALASORE,GUDU,BALASORE,NCRMP,GUDU,
BARKIA,21.41333443,86.92982838,BALASORE,BARKIA,BALASORE,NCRMP,BARKIA,
MANDAGAN,21.40540326,86.86863297,BALASORE,MANDAGAN,REMUNA,NCRMP,MANDAGAN,
SHYAMSUNDARPUR,21.39944865,86.74373297,BALASORE,SHYAMSUNDARPUR,OUPADA,MFS(St.Plan),SHYAMSUNDARPUR,
BARDHANPUR,21.38947933,86.93421715,BALASORE,BARDHANPUR,BALASORE,MCS,BARDHANPUR,
REHANG,21.38041268,86.87267235,BALASORE,REHANG,REMUNA,NCRMP-AF,REHANG,
JAYDEB KHASBE,21.39536027,86.94106713,BALASORE,JAYDEB KHASBE,BALASORE,NCRMP,JAYDEB KHASBE,
BOLTA,21.36790161,86.84947913,BALASORE,BOLTA,REMUNA,MCS,BOLTA,
MAHARAJPUR,21.36626787,86.83045833,BALASORE,MAHARAJPUR,REMUNA,NCRMP,MAHARAJPUR,
TANRA,21.3586093,86.89435437,BALASORE,TANRA,REMUNA,MCS,TANRA,
BHIMPUR,21.35480552,86.92800192,BALASORE,BHIMPUR,REMUNA,CCI,BHIMPUR,
SHOLAPARI,21.35198967,86.91539423,BALASORE,SHOLAPARI,REMUNA,NCRMP-AF,SHOLAPARI,
SHRIJANG,21.34444219,86.86899811,BALASORE,SHRIJANG,REMUNA,NCRMP-AF,SHRIJANG,
KHATU,21.34823825,86.92329971,BALASORE,KHATU,REMUNA,NCRMP,KHATU,
KANTANDAPAHI,21.3441647,86.91951995,BALASORE,KANTANDAPAHI,REMUNA,NCRMP,KANTANDAPAHI,
URSAL,21.33568769,86.83986254,BALASORE,URSAL,BAHANAGA,NCRMP,URSAL,
MAHAMADABAD,21.3378317,86.86422248,BALASORE,MAHAMADABAD,REMUNA,NCRMP,MAHAMADABAD,
PAIKASTA,21.33345777,86.82639852,BALASORE,PAIKASTA,BAHANAGA,NCRMP,PAIKASTA,
INCHURI,21.32597634,86.9038383,BALASORE,INCHURI,REMUNA,MCS,INCHURI,
NUAPUR,21.31423335,86.85537316,BALASORE,NUAPUR,BAHANAGA,NCRMP,NUAPUR,
GANJINA,21.32469033,86.77785689,BALASORE,GANJINA,BAHANAGA,NCRMP,GANJINA,
TALPADA,21.30590535,86.87136432,BALASORE,TALPADA,REMUNA,MCS,TALPADA,
BHILA,21.30129171,86.86903667,BALASORE,BHILA,BAHANAGA,NCRMP,BHILA,
APITRA,21.30201691,86.81861297,BALASORE,APITRA,BAHANAGA,NCRMP-AF,APITRA,
ATISHPUR,21.29262557,86.8598295,BALASORE,ATISHPUR,BAHANAGA,IRCS,ATISHPUR,
BIJANA,21.29465484,86.7755543,BALASORE,BIJANA,BAHANAGA,NCRMP,BIJANA,
RAHANIAGANJ,21.28281257,86.80335385,BALASORE,RAHANIAGANJ,BAHANAGA,NCRMP-AF,RAHANIAGANJ,
SAHASPUR,21.27164413,86.79304635,BALASORE,SAHASPUR,BAHANAGA,NCRMP,SAHASPUR,
KHERANG,21.28245146,86.84815781,BALASORE,KHERANG,BAHANAGA,MCS,KHERANG,
BARIPADA,21.27530902,86.84628719,BALASORE,BARIPADA,BAHANAGA,NCRMP,BARIPADA,
SAHASPUR,21.27365047,86.79656041,BALASORE,SAHASPUR,BAHANAGA,CCI,SAHASPUR,
KOCHIAKOILI,21.26457916,86.7519815,BALASORE,KOCHIAKOILI,BAHANAGA,NCRMP,KOCHIAKOILI,
BANIA BISHNUPUR,21.26569291,86.8198461,BALASORE,BANIA BISHNUPUR,BAHANAGA,NCRMP,BANIA BISHNUPUR,
ANJI,21.26434034,86.79218211,BALASORE,ANJI,BAHANAGA,MCS(CMRF),ANJI,
ABHANA,21.24919545,86.82203579,BALASORE,ABHANA,BAHANAGA,NCRMP-AF,ABHANA,
KHARASAHAPUR,21.24527701,86.80449245,BALASORE,KHARASAHAPUR,BAHANAGA,IRCS,KHARASAHAPUR,
RAMADHA,21.25555902,86.79427967,BALASORE,RAMADHA,BAHANAGA,IRCS,RAMADHA,
KORADA,21.25565106,86.76780606,BALASORE,KORADA,BAHANAGA,NCRMP,KORADA,
ATHILABAJ,21.24350735,86.82107741,BALASORE,ATHILABAJ,BAHANAGA,MFS(St.Plan),ATHILABAJ,
BARAJDEOLI,21.24204832,86.84404081,BALASORE,BARAJDEOLI,BAHANAGA,MCS,BARAJDEOLI,
BELAPUR,21.24790885,86.74551419,BALASORE,BELAPUR,SORO,NCRMP-AF,BELAPUR,
RAMTALI,21.23028203,86.84095224,BALASORE,RAMTALI,BAHANAGA,NCRMP,RAMTALI,
PAKHAR,21.22865637,86.73020326,BALASORE,PAKHAR,SORO,CCI,PAKHAR,
CHANDANPUR,21.22288534,86.76967638,BALASORE,CHANDANPUR,SORO,IRCS,CHANDANPUR,
TENTEI,21.21245936,86.73682312,BALASORE,TENTEI,SORO,CCI,TENTEI,
ANKULA,21.21757338,86.67386926,BALASORE,ANKULA,SORO,MFS(St.Plan),ANKULA,
BAISIBATI,21.20007318,86.71317475,BALASORE,BAISIBATI,SORO,MFS(St.Plan),BAISIBATI,
GUDA,21.18014851,86.75814899,BALASORE,GUDA,SORO,MCS,GUDA,
TRIJANGA,20.97142015,86.08969913,JAJPUR,TRIJANGA,DANAGADI,MFS(CMRF),TRIJANGA,
MANIPUR,20.94140062,86.14678897,JAJPUR,MANIPUR,KOREI,NCRMP,MANIPUR,
LAKSHMINAGAR,20.89667341,86.14567204,JAJPUR,LAKSHMINAGAR,RASULPUR,MFS(CMRF),LAKSHMINAGAR,
BALESHWAR,20.88411915,86.29193742,JAJPUR,BALESHWAR,JAJPUR,MFS(CMRF),BALESHWAR,
PURUSHOTTAMPUR,20.86557801,86.29120291,JAJPUR,PURUSHOTTAMPUR,JAJPUR,MFS(CMRF),PURUSHOTTAMPUR,
JAHAL,20.83333942,86.23861281,JAJPUR,JAHAL,JAJPUR,MCS(CMRF),JAHAL,
GOBINDAPUR,20.8131955,86.30002898,JAJPUR,GOBINDAPUR,JAJPUR,MFS(CMRF),GOBINDAPUR,
GUNTHAL,20.76239645,86.64029818,KENDRAPARA,GUNTHAL,RAJKANIKA,MFS(St.Plan),GUNTHAL,
DEBI,20.77971205,86.30734948,JAJPUR,DEBI,JAJPUR,MFS(CMRF),DEBI,
SANA HALPADA,20.76741573,86.56210367,JAJPUR,SANA HALPADA,DASARATHAPUR,MFS(CMRF),SANA HALPADA,
KRISHNAGARH,20.77067928,86.86832042,KENDRAPARA,KRISHNAGARH,RAJNAGAR,IRCS,KRISHNAGARH,
RAIPUR,20.76111324,86.32764266,JAJPUR,RAIPUR,BARI,MFS(CMRF),RAIPUR,
KANAKANAGAR,20.7575339,86.90524297,KENDRAPARA,KANAKANAGAR,RAJNAGAR,IRCS,KANAKANAGAR,
KHAMARSAHI,20.7579798,86.84787986,KENDRAPARA,KHAMARSAHI,RAJNAGAR,MCS,KHAMARSAHI,
TALCHUA,20.75939563,86.94370087,KENDRAPARA,TALCHUA,RAJNAGAR,MCS,TALCHUA,
DANGMAL,20.7527843,86.85707579,KENDRAPARA,DANGMAL,RAJNAGAR,NCRMP-AF,DANGMAL,
KHASMUNDA,20.74800932,86.97734968,KENDRAPARA,KHASMUNDA,RAJNAGAR,MCS,KHASMUNDA,
DHANGMAL,20.74084975,86.86801892,KENDRAPARA,DHANGMAL,RAJNAGAR,MCS,DHANGMAL,
MANJULAPALLI,20.74536006,86.96397328,KENDRAPARA,MANJULAPALLI,RAJNAGAR,ICZMP,MANJULAPALLI,
BHEKTA,20.75034543,86.93225829,KENDRAPARA,BHEKTA,RAJNAGAR,MCS,BHEKTA,
PHALARPUR,20.74275065,86.5069649,JAJPUR,PHALARPUR,BINJHARPUR,MFS(CMRF),PHALARPUR,
DALASAHI,20.73383084,86.97113791,KENDRAPARA,DALASAHI,RAJNAGAR,MCS,DALASAHI,
SURENDRAPUR,20.73035666,86.94223048,KENDRAPARA,SURENDRAPUR,RAJNAGAR,MCS,SURENDRAPUR,
REJENDARNARAYANPUR,20.73287066,86.82678636,KENDRAPARA,REJENDARNARAYANPUR,RAJNAGAR,MCS,REJENDARNARAYANPUR,
BAJARPUR,20.73137167,86.80007231,KENDRAPARA,BAJARPUR,RAJKANIKA,MFS(St.Plan),BAJARPUR,
KERUAPAL,20.72725283,86.962751,KENDRAPARA,KERUAPAL,RAJNAGAR,MCS,KERUAPAL,
CHABARAKOLA,20.7229096,86.94139601,KENDRAPARA,CHABARAKOLA,RAJNAGAR,IRCS,CHABARAKOLA,
UDAYNATHPUR,20.71914637,86.37679417,JAJPUR,UDAYNATHPUR,BARI,MFS(CMRF),UDAYNATHPUR,
UDAYANTHPUR,20.7177541,86.35956498,JAJPUR,UDAYANTHPUR,BARI,MFS(CMRF),UDAYANTHPUR,
BANGARA,20.70338917,86.54471305,JAJPUR,BANGARA,BINJHARPUR,MFS(CMRF),BANGARA,
PATAPARA,20.71426689,86.90526531,KENDRAPARA,PATAPARA,RAJNAGAR,MCS,PATAPARA,
PADANIPAL,20.70644354,86.58682116,KENDRAPARA,PADANIPAL,RAJKANIKA,MFS(St.Plan),PADANIPAL,
JORI,20.70367674,86.5188815,JAJPUR,JORI,BINJHARPUR,MFS(CMRF),JORI,
RANPUR,20.69663504,86.4230134,JAJPUR,RANPUR,BINJHARPUR,MFS(CMRF),RANPUR,
KANTIGARIA,20.69696917,86.16284096,JAJPUR,KANTIGARIA,DHARMASALA,MFS(CMRF),KANTIGARIA,
DHANMANDAL,20.68897447,86.12502768,JAJPUR,DHANMANDAL,BADACHANA,NCRMP,DHANMANDAL,
KOLIPUR,20.68753494,86.78281144,KENDRAPARA,KOLIPUR,RAJKANIKA,NCRMP-AF,KOLIPUR,
BAOBHADRAPUR,20.67142863,86.84206095,KENDRAPARA,BAOBHADRAPUR,RAJNAGAR,IRCS,BAOBHADRAPUR,
MADHUSUDANPUR,20.68192024,86.44537246,JAJPUR,MADHUSUDANPUR,BARI,MFS(CMRF),MADHUSUDANPUR,
PADMALABHPUR,20.67628825,86.79963623,KENDRAPARA,PADMALABHPUR,RAJNAGAR,NCRMP-AF,PADMALABHPUR,
ACHHUTABASANTA,20.66788231,86.25111175,JAJPUR,ACHHUTABASANTA,BADACHANA,MCS(CMRF),ACHHUTABASANTA,
JONESNAGAR,20.66263276,86.84589755,KENDRAPARA,JONESNAGAR,RAJNAGAR,IRCS,JONESNAGAR,
KANTA,20.66078073,86.75871424,KENDRAPARA,KANTA,RAJKANIKA,MFS(St.Plan),KANTA,
ARAKHAPUR,20.65658103,86.15446584,JAJPUR,ARAKHAPUR,BADACHANA,MFS(CMRF),ARAKHAPUR,
KRISHNAPUR SASAN,20.65557347,86.21278253,JAJPUR,KRISHNAPUR SASAN,BADACHANA,MFS(CMRF),KRISHNAPUR SASAN,
SINGAL,20.64430609,86.4803283,KENDRAPARA,SINGAL,AUL,MFS(St.Plan),SINGAL,
GUPTI,20.65258152,86.85180665,KENDRAPARA,GUPTI,RAJNAGAR,MCS(CMRF),GUPTI,
UKILAPARA,20.64176541,86.86611814,KENDRAPARA,UKILAPARA,RAJNAGAR,IRCS,UKILAPARA,
NUAGAON,20.63486889,86.80707995,KENDRAPARA,NUAGAON,RAJNAGAR,MCS,NUAGAON,
BALARAMPUR,20.63395696,86.81161741,KENDRAPARA,BALARAMPUR,RAJNAGAR,MCS,BALARAMPUR,
EKMANIA,20.63517933,86.73514178,KENDRAPARA,EKMANIA,AUL,MFS(St.Plan),EKMANIA,
KRUSHANGAGAR,20.63867994,86.39814157,JAJPUR,KRUSHANGAGAR,BARI,MCS(CMRF),KRUSHANGAGAR,
LOKNATHPRASAD,20.62770524,86.77257522,KENDRAPARA,LOKNATHPRASAD,RAJNAGAR,MCS,LOKNATHPRASAD,
DANDISAHI,20.62144396,86.47788353,KENDRAPARA,DANDISAHI,PATAMUNDAI,MFS(CMRF),DANDISAHI,
GOMU,20.62121497,86.38070987,JAJPUR,GOMU,BARI,MFS(CMRF),GOMU,
OSTIA,20.62247015,86.68766098,KENDRAPARA,OSTIA,RAJNAGAR,MFS(CMRF),OSTIA,
RAJRAJESWARIPUR,20.61811111,86.85196117,KENDRAPARA,RAJRAJESWARIPUR,RAJNAGAR,MCS,RAJRAJESWARIPUR,
AMATHPUR,20.61324784,86.33522172,JAJPUR,AMATHPUR,BARI,MCS(CMRF),AMATHPUR,
BHITARGARH,20.61521902,86.78281455,KENDRAPARA,BHITARGARH,RAJNAGAR,MCS,BHITARGARH,
SILAPOKHARI,20.6086245,86.82029125,KENDRAPARA,SILAPOKHARI,RAJNAGAR,MCS,SILAPOKHARI,
LAKSHMINARAYAPUR,20.60695498,86.79091179,KENDRAPARA,LAKSHMINARAYAPUR,RAJNAGAR,NCRMP-AF,LAKSHMINARAYAPUR,
PALPATANA,20.60720865,86.62653782,KENDRAPARA,PALPATANA,PATAMUNDAI,MFS(St.Plan),PALPATANA,
RAJGARH,20.60222256,86.73271168,KENDRAPARA,RAJGARH,RAJNAGAR,MCS,RAJGARH,
POKHARIA,20.59134107,86.76177923,KENDRAPARA,POKHARIA,RAJNAGAR,NCRMP,POKHARIA,
NUAGAON,20.58602089,86.82136405,KENDRAPARA,NUAGAON,RAJNAGAR,MCS,NUAGAON,
BALIPATANA,20.58517364,86.64477196,KENDRAPARA,BALIPATANA,PATAMUNDAI,MFS(St.Plan),BALIPATANA,
PARIPANGA,20.58566465,86.79412786,KENDRAPARA,PARIPANGA,RAJNAGAR,IRCS,PARIPANGA,
KURUNTI,20.57053482,86.76996224,KENDRAPARA,KURUNTI,RAJNAGAR,MCS,KURUNTI,
RAJNAGAR,20.57016595,86.72864864,KENDRAPARA,RAJNAGAR,RAJNAGAR,MCS,RAJNAGAR,
MAINSASOR,20.57200627,86.73204172,KENDRAPARA,MAINSASOR,RAJNAGAR,MCS,MAINSASOR,
KAITHA,20.57107886,86.80779409,KENDRAPARA,KAITHA,RAJNAGAR,IRCS,KAITHA,
SANKHAPUR,20.5614602,86.70290948,KENDRAPARA,SANKHAPUR,PATAMUNDAI,MCS,SANKHAPUR,
BALARAMPUR,20.56225518,86.75301794,KENDRAPARA,BALARAMPUR,RAJNAGAR,MCS,BALARAMPUR,
MANGARAJAPUR,20.55633597,86.733536,KENDRAPARA,MANGARAJAPUR,RAJNAGAR,MCS,MANGARAJAPUR,
BARAKOT,20.54885872,86.71953258,KENDRAPARA,BARAKOT,RAJNAGAR,MCS,BARAKOT,
PRASANPUR,20.54902578,86.78499813,KENDRAPARA,PRASANPUR,RAJNAGAR,MCS(CMRF),PRASANPUR,
BRAHMANSAHI,20.54727768,86.76464986,KENDRAPARA,BRAHMANSAHI,RAJNAGAR,IRCS,BRAHMANSAHI,
PENTH,20.54430589,86.78812763,KENDRAPARA,PENTH,RAJNAGAR,ICZMP,PENTH,
BIDHANANKARA,20.5351577,86.75312264,KENDRAPARA,BIDHANANKARA,RAJNAGAR,MCS,BIDHANANKARA,
KANDIA,20.53048764,86.72361605,KENDRAPARA,KANDIA,RAJNAGAR,IRCS,KANDIA,
KARIAPALA,20.53302318,86.70058344,KENDRAPARA,KARIAPALA,PATAMUNDAI,MCS,KARIAPALA,
KAJALABANDHA,20.5285272,86.67908158,KENDRAPARA,KAJALABANDHA,PATAMUNDAI,NCRMP,KAJALABANDHA,
BILLIKANAI,20.52348778,86.65770337,KENDRAPARA,BILLIKANAI,PATAMUNDAI,NCRMP,BILLIKANAI,
TENTALIYAPAL,20.51646125,86.73828387,KENDRAPARA,TENTALIYAPAL,RAJNAGAR,NCRMP,TENTALIYAPAL,
BADEIPARA,20.50894421,86.6715359,KENDRAPARA,BADEIPARA,PATAMUNDAI,NCRMP-AF,BADEIPARA,
SATKURIA,20.50504558,86.65267706,KENDRAPARA,SATKURIA,PATAMUNDAI,NCRMP,SATKURIA,
RATPANG,20.50184474,86.74188732,KENDRAPARA,RATPANG,MAHAKALAPADA,MCS,RATPANG,
BALIGANDA,20.49541879,86.66929335,KENDRAPARA,BALIGANDA,MAHAKALAPADA,NCRMP,BALIGANDA,
GAGUA,20.4886632,86.65712745,KENDRAPARA,GAGUA,MAHAKALAPADA,MCS,GAGUA,
KALATUNGA,20.47577795,86.67915346,KENDRAPARA,KALATUNGA,MAHAKALAPADA,MCS,KALATUNGA,
SANA RAHAMA,20.48149147,86.63848378,KENDRAPARA,SANA RAHAMA,MAHAKALAPADA,MCS,SANA RAHAMA,
BALARAMPUR,20.46424518,86.38753045,KENDRAPARA,BALARAMPUR,KENDRAPARA,MFS(St.Plan),BALARAMPUR,
SUNITI,20.46075908,86.70916896,KENDRAPARA,SUNITI,MAHAKALAPADA,MCS,SUNITI,
AITPUR,20.4630329,86.36585515,KENDRAPARA,AITPUR,MARSHAGHAI,MFS(St.Plan),AITPUR,
JALPOK,20.45510528,86.34136626,KENDRAPARA,JALPOK,MARSHAGHAI,MFS(CMRF),JALPOK,
RAIDIA,20.45342102,86.654999,KENDRAPARA,RAIDIA,MAHAKALAPADA,NCRMP,RAIDIA,
KANSAR,20.45296387,86.66801541,KENDRAPARA,KANSAR,MAHAKALAPADA,MCS,KANSAR,
KANPUR,20.44676211,86.62873792,KENDRAPARA,KANPUR,MAHAKALAPADA,NCRMP,KANPUR,
BENAKANDA,20.44528719,86.69640051,KENDRAPARA,BENAKANDA,MAHAKALAPADA,IRCS,BENAKANDA,
SUBALA,20.44326404,86.63971257,KENDRAPARA,SUBALA,MAHAKALAPADA,MCS,SUBALA,
BARODANDA,20.44015655,86.67967759,KENDRAPARA,BARODANDA,MAHAKALAPADA,MFS(St.Plan),BARODANDA,
BAG GAHAN,20.43419928,86.68609336,KENDRAPARA,BAG GAHAN,MAHAKALAPADA,NCRMP,BAG GAHAN,
BARADANGA,20.42225314,86.64124964,KENDRAPARA,BARADANGA,MAHAKALAPADA,NCRMP-AF,BARADANGA,
JAMBU,20.43419747,86.72316736,KENDRAPARA,JAMBU,MAHAKALAPADA,IRCS,JAMBU,
KANSAPAL,20.42698854,86.69076083,KENDRAPARA,KANSAPAL,MAHAKALAPADA,NCRMP-AF,KANSAPAL,
JAMARA,20.42525476,86.615186,KENDRAPARA,JAMARA,MAHAKALAPADA,NCRMP-AF,JAMARA,
DHANMANDAL,20.41239353,86.31859718,KENDRAPARA,DHANMANDAL,GADARPUR,MFS(St.Plan),DHANMANDAL,
JAMBU,20.40574609,86.71572854,KENDRAPARA,JAMBU,MAHAKALAPADA,NCRMP,JAMBU,
PRABHAKARPUR,20.40144796,86.67820444,KENDRAPARA,PRABHAKARPUR,MAHAKALAPADA,MCS,PRABHAKARPUR,
KORUAN,20.4040235,86.33856001,KENDRAPARA,KORUAN,GADARPUR,MFS(CMRF),KORUAN,
ADAL,20.39864708,86.63387011,KENDRAPARA,ADAL,MAHAKALAPADA,MCS,ADAL,
PODANA,20.39958185,86.42535893,KENDRAPARA,PODANA,MARSHAGHAI,MFS(CMRF),PODANA,
KUMHARPADA,20.39844783,86.6009459,KENDRAPARA,KUMHARPADA,MAHAKALAPADA,IRCS,KUMHARPADA,
TERAGAON,20.39510304,86.56927355,KENDRAPARA,TERAGAON,MAHAKALAPADA,MFS(St.Plan),TERAGAON,
PARKULA,20.39151526,86.44977455,KENDRAPARA,PARKULA,MARSHAGHAI,MFS(CMRF),PARKULA,
BANDHAPARA,20.3908436,86.60557933,KENDRAPARA,BANDHAPARA,MAHAKALAPADA,IRCS,BANDHAPARA,
NAINDIPUR,20.38968492,86.38668185,KENDRAPARA,NAINDIPUR,GADARPUR,MFS(St.Plan),NAINDIPUR,
BARAGAON,20.38618386,86.50106094,KENDRAPARA,BARAGAON,MAHAKALAPADA,MFS(St.Plan),BARAGAON,
SARUMAHIN,20.3849788,86.63946461,KENDRAPARA,SARUMAHIN,MAHAKALAPADA,IRCS,SARUMAHIN,
PETCHHOLA,20.38160659,86.65717606,KENDRAPARA,PETCHHOLA,MAHAKALAPADA,ICZMP,PETCHHOLA,
JADUPUR,20.37879502,86.52752557,KENDRAPARA,JADUPUR,MAHAKALAPADA,IRCS,JADUPUR,
GOKHAKHATI,20.37528322,86.59874021,KENDRAPARA,GOKHAKHATI,MAHAKALAPADA,NCRMP,GOKHAKHATI,
BERUHAN,20.37094633,86.46190758,KENDRAPARA,BERUHAN,MARSHAGHAI,MFS(St.Plan),BERUHAN,
TENTULI KANDHA,20.36803432,86.61978474,KENDRAPARA,TENTULI KANDHA,MAHAKALAPADA,NCRMP,TENTULI KANDHA,
KHARNASI,20.35336545,86.69075142,KENDRAPARA,KHARNASI,MAHAKALAPADA,IRCS,KHARNASI,
SUBALA,20.36513434,86.58643962,KENDRAPARA,SUBALA,MAHAKALAPADA,IRCS,SUBALA,
RAMNAGAR,20.36970382,86.67999226,KENDRAPARA,RAMNAGAR,MAHAKALAPADA,MCS,RAMNAGAR,
SIRASTA,20.35756513,86.40965302,KENDRAPARA,SIRASTA,GADARPUR,MFS(CMRF),SIRASTA,
BALIGHAI,20.34749561,86.43430886,KENDRAPARA,BALIGHAI,MARSHAGHAI,MFS(CMRF),BALIGHAI,
KORATPANGA,20.34863528,86.5383391,KENDRAPARA,KORATPANGA,MAHAKALAPADA,MFS(CMRF),KORATPANGA,
BARAJBAHUKUD,20.34551935,86.66871536,KENDRAPARA,BARAJBAHUKUD,MAHAKALAPADA,MCS,BARAJBAHUKUD,
TIKARPANGA,20.3507897,86.56376491,KENDRAPARA,TIKARPANGA,MAHAKALAPADA,MFS(CMRF),TIKARPANGA,
AKHRASALI,20.34412887,86.63452801,KENDRAPARA,AKHRASALI,MAHAKALAPADA,MCS,AKHRASALI,
MANGRAJPUR,20.34669685,86.44904015,KENDRAPARA,MANGRAJPUR,MARSHAGHAI,MFS(St.Plan),MANGRAJPUR,
CHHANDA,20.34506471,86.58311356,KENDRAPARA,CHHANDA,MAHAKALAPADA,MCS,CHHANDA,
PITAPAT,20.33753246,86.65311371,KENDRAPARA,PITAPAT,MAHAKALAPADA,NCRMP,PITAPAT,
KHURUSIAPAT,20.33714879,86.53731323,KENDRAPARA,KHURUSIAPAT,MAHAKALAPADA,MCS,KHURUSIAPAT,
BARATOPI,20.34576118,86.69348811,KENDRAPARA,BARATOPI,MAHAKALAPADA,ICZMP,BARATOPI,
TIKHIRI,20.33296395,86.48380716,KENDRAPARA,TIKHIRI,MAHAKALAPADA,MFS(CMRF),TIKHIRI,
BARKULKHOLA,20.32669619,86.72430634,KENDRAPARA,BARKULKHOLA,MAHAKALAPADA,IRCS,BARKULKHOLA,
SALEBIRI,19.8868687,82.4984328,NABARANGAPUR,SALEBIRI,CHANDAHANDI,MFS(CMRF),SALEBIRI,
BEHEDA,19.76466872,82.13914738,NABARANGAPUR,BEHEDA,UMARKOTE,MFS(CMRF),BEHEDA,
BHATTIBEDA,19.67064699,82.13280866,NABARANGAPUR,BHATTIBEDA,UMARKOTE,MFS(CMRF),BHATTIBEDA,
UMARKOT,19.66744246,82.20207153,NABARANGAPUR,UMARKOT,UMARKOTE,MFS(CMRF),UMARKOT,
SINGISARI,19.5047055,82.16390287,NABARANGAPUR,SINGISARI,UMARKOTE,MFS(CMRF),SINGISARI,
MAKIA,19.3230069,82.45088828,NABARANGAPUR,MAKIA,PAPADAHANDI,MFS(CMRF),MAKIA,
BAGSIUNI,19.28869381,82.57187877,NABARANGAPUR,BAGSIUNI,NABARANGAPUR,MFS(CMRF),BAGSIUNI,
NABARANGPUR,19.23491064,82.54631529,NABARANGAPUR,NABARANGPUR,NABARANGAPUR,MFS(CMRF),NABARANGPUR,
PUJARIGURA,19.21078495,82.50698488,NABARANGAPUR,PUJARIGURA,NABARANGAPUR,MFS(CMRF),PUJARIGURA,
SINDHIGAN,19.19060989,82.48239983,NABARANGAPUR,SINDHIGAN,NABARANGAPUR,MFS(CMRF),SINDHIGAN,
BHITARBADI,19.15595038,82.63537692,KORAPUT,BHITARBADI,BORIGUMA,MFS(CMRF),BHITARBADI,
SHANKARDA,19.14555267,82.28478274,KORAPUT,SHANKARDA,KOTPAD,MFS(CMRF),SHANKARDA,
BALIA,18.81820741,82.50274858,KORAPUT,BALIA,JEYPORE,MFS(CMRF),BALIA,
DUGIAPUT,18.59737813,82.25085691,MALKANGIRI,DUGIAPUT,MATHILI,MFS(CMRF),DUGIAPUT,
BADILI,18.19967439,81.7869046,MALKANGIRI,BADILI,KORUKUNDA,MFS(CMRF),BADILI,
PEDDAGURHA,18.07563511,81.63776896,MALKANGIRI,PEDDAGURHA,KALIMELA,MFS(CMRF),PEDDAGURHA,
MOTU,17.832857,81.399363,MALKANGIRI,MOTU,PODIA,MFS(CMRF),MOTU,
KAJALPOTA,20.3442218,86.74942592,KENDRAPARA,KAJALPOTA,MAHAKALAPADA,NCRMP,KAJALPOTA,
KUSAPANGI,20.88344038,85.19415053,ANGUL,KUSAPANGI,BANARPAL,MFS(CMRF),KUSAPANGI,
ANTRARI,21.61525914,83.47533501,BARAGARH,ANTRARI,AMBABHONA,MFS(CMRF),ANTRARI,
GANTHIAPAL,21.63174315,83.43453916,BARAGARH,GANTHIAPAL,AMBABHONA,MFS(CMRF),GANTHIAPAL,
GOND TURUM,21.10955511,83.84116167,BARAGARH,GOND TURUM,BHEDEN,MFS(CMRF),GOND TURUM,
BIJAYPATANA,20.96008963,86.87436825,BHADRAK,BIJAYPATANA,BASUDEVPUR,MCS,BIJAYPATANA,
BALARAMPUR,20.97590573,86.82156476,BHADRAK,BALARAMPUR,BASUDEVPUR,NCRMP,BALARAMPUR,
KHANTKHUAR,20.97468002,86.78026614,BHADRAK,KHANTKHUAR,BASUDEVPUR,IRCS,KHANTKHUAR,
JURAGADIA,20.98525484,86.78887757,BHADRAK,JURAGADIA,BASUDEVPUR,MCS,JURAGADIA,
HABELISAHI,20.98876103,86.85325172,BHADRAK,HABELISAHI,BASUDEVPUR,MCS,HABELISAHI,
BRAJANANDAPUR,20.99529086,86.82358005,BHADRAK,BRAJANANDAPUR,BASUDEVPUR,MCS,BRAJANANDAPUR,
GOBINDAPUR,21.00288157,86.81415381,BHADRAK,GOBINDAPUR,BASUDEVPUR,MCS,GOBINDAPUR,
MACHHUAGHAI BADA,21.00397764,86.78914764,BHADRAK,MACHHUAGHAI BADA,BASUDEVPUR,MCS,MACHHUAGHAI BADA,
GADI,21.01545612,86.8149173,BHADRAK,GADI,BASUDEVPUR,NCRMP-AF,GADI,
RAJGHARPOKHARI,21.01446,86.776041,BHADRAK,RAJGHARPOKHARI,BASUDEVPUR,MCS,RAJGHARPOKHARI,
BIDEIPUR,21.02106081,86.81726747,BHADRAK,BIDEIPUR,BASUDEVPUR,NCRMP-AF,BIDEIPUR,
LAKSHMIPRASAD,21.020094,86.771288,BHADRAK,LAKSHMIPRASAD,BASUDEVPUR,MCS,LAKSHMIPRASAD,
KERSAHI,21.0217787,86.80572266,BHADRAK,KERSAHI,BASUDEVPUR,NCRMP-AF,KERSAHI,
MISHRAPUR,21.032345,86.708765,BHADRAK,MISHRAPUR,BASUDEVPUR,MFS(CMRF),MISHRAPUR,
BIROS,21.032347,86.807543,BHADRAK,BIROS,BASUDEVPUR,MCS,BIROS,
PATANA MISHRAPUR,21.032578,86.720942,BHADRAK,PATANA MISHRAPUR,BASUDEVPUR,MCS,PATANA MISHRAPUR,
MANGARH,21.039799,86.761881,BHADRAK,MANGARH,BASUDEVPUR,NCRMP,MANGARH,
LOKSHMIPRASADPUR,21.042921,86.761942,BHADRAK,LOKSHMIPRASADPUR,BASUDEVPUR,MCS,LOKSHMIPRASADPUR,
KRUSHNAPUR,21.069597,86.799731,BHADRAK,KRUSHNAPUR,BASUDEVPUR,NCRMP-AF,KRUSHNAPUR,
LUNGA,21.073189,86.698702,BHADRAK,LUNGA,BASUDEVPUR,MFS(St.Plan),LUNGA,
KRUSHNAPUR,21.079247,86.798098,BHADRAK,KRUSHNAPUR,BASUDEVPUR,NCRMP,KRUSHNAPUR,
SANA KRUSHANAPUR,21.07971412,86.80769271,BHADRAK,SANA KRUSHANAPUR,BASUDEVPUR,CMRF,SANA KRUSHANAPUR,
SANA KRUSHANAPUR,21.07793718,86.82204814,BHADRAK,SANA KRUSHANAPUR,BASUDEVPUR,IRCS,SANA KRUSHANAPUR,
KISMAT KRUSHNAPUR,21.09716478,86.81062912,BHADRAK,KISMAT KRUSHNAPUR,BASUDEVPUR,MCS,KISMAT KRUSHNAPUR,
KISMAT KRUSHNAPUR,21.107241,86.797968,BHADRAK,KISMAT KRUSHNAPUR,BASUDEVPUR,NCRMP-AF,KISMAT KRUSHNAPUR,
RADHAKANTAPUR,21.109284,86.791979,BHADRAK,RADHAKANTAPUR,BASUDEVPUR,NCRMP-AF,RADHAKANTAPUR,
CHURAMANI ARHIA,21.133351,86.798022,BHADRAK,CHURAMANI ARHIA,BASUDEVPUR,IRCS,CHURAMANI ARHIA,
CHURAMANI,21.139187,86.782526,BHADRAK,CHURAMANI,BASUDEVPUR,NCRMP,CHURAMANI,
CHURAMANI,21.140845,86.763796,BHADRAK,CHURAMANI,BASUDEVPUR,MCS(CMRF),CHURAMANI,
ADUAN,21.148339,86.786776,BHADRAK,ADUAN,BASUDEVPUR,NCRMP,ADUAN,
KALIDASPUR,21.151762,86.721201,BHADRAK,KALIDASPUR,BASUDEVPUR,MFS(St.Plan),KALIDASPUR,
IRAM,21.153921,86.785624,BHADRAK,IRAM,BASUDEVPUR,NCRMP-AF,IRAM,
ARHIA,21.155302,86.800303,BHADRAK,ARHIA,BASUDEVPUR,IRCS,ARHIA,
OLAGADA,21.161539,86.76903,BHADRAK,OLAGADA,BASUDEVPUR,IRCS,OLAGADA,
KUMIRGARIA,21.169813,86.77611,BHADRAK,KUMIRGARIA,BASUDEVPUR,MCS,KUMIRGARIA,
NUAGAN,21.170273,86.792666,BHADRAK,NUAGAN,BASUDEVPUR,MCS,NUAGAN,
JAGANNATH,21.170374,86.757189,BHADRAK,JAGANNATH,BASUDEVPUR,MCS,JAGANNATH,
SUDARSHANPUR,21.173582,86.754534,BHADRAK,SUDARSHANPUR,BASUDEVPUR,MFS(St.Plan),SUDARSHANPUR,
UHAR,21.17364,86.794932,BHADRAK,UHAR,BASUDEVPUR,IRCS,UHAR,
RATANG,21.173899,86.711192,BHADRAK,RATANG,BASUDEVPUR,IRCS,RATANG,
ARTUNG,21.18316209,86.7679527,BHADRAK,ARTUNG,BASUDEVPUR,NCRMP,ARTUNG,
SANKHARO,21.19161604,86.79422496,BHADRAK,SANKHARO,BASUDEVPUR,MCS,SANKHARO,
KUMARPUR,21.19784155,86.80165109,BHADRAK,KUMARPUR,BASUDEVPUR,MCS,KUMARPUR,
PADHUAN,21.200991,86.802706,BHADRAK,PADHUAN,BASUDEVPUR,MCS,PADHUAN,
MOHANPUR,21.20697,86.825159,BHADRAK,MOHANPUR,BASUDEVPUR,IRCS,MOHANPUR,
BACHHADA,21.210146,86.797419,BHADRAK,BACHHADA,BASUDEVPUR,MCS,BACHHADA,
SARANGPUR,21.221562,86.78467,BHADRAK,SARANGPUR,BASUDEVPUR,MCS(CMRF),SARANGPUR,
SUSUA,20.987377,86.534922,BHADRAK,SUSUA,BHADRAK,MFS(St.Plan),SUSUA,
DAISINGHA,21.121502,86.428927,BHADRAK,DAISINGHA,BHADRAK,MFS(CMRF),DAISINGHA,
MANINATHPUR,20.859997,86.345507,BHADRAK,MANINATHPUR,BHANDARIPOKHARI,MFS(CMRF),MANINATHPUR,
BIROLI,20.87031,86.368601,BHADRAK,BIROLI,BHANDARIPOKHARI,MFS(St.Plan),BIROLI,
JALAHAR,20.885321,86.352953,BHADRAK,JALAHAR,BHANDARIPOKHARI,MFS(CMRF),JALAHAR,
BANDALO,21.003145,86.294405,BHADRAK,BANDALO,BHANDARIPOKHARI,MFS(St.Plan),BANDALO,
CHARIGAN,21.182469,86.406069,BHADRAK,CHARIGAN,BONTH,MFS(St.Plan),CHARIGAN,
KANRIAPAL,20.747881,86.785914,BHADRAK,KANRIAPAL,CHANDABALI,IRCS,KANRIAPAL,
URASAHI,20.777205,86.808176,BHADRAK,URASAHI,CHANDABALI,IRCS,URASAHI,
TENTULIDIHI,20.799507,86.694125,BHADRAK,TENTULIDIHI,CHANDABALI,IRCS,TENTULIDIHI,
CHARDIA,20.802542,86.846835,BHADRAK,CHARDIA,CHANDABALI,IRCS,CHARDIA,
PAIKSAHI,20.804764,86.900133,BHADRAK,PAIKSAHI,CHANDABALI,MCS,PAIKSAHI,
BIDYUTPRAVANAGAR,20.80589413,86.93122589,BHADRAK,BIDYUTPRAVANAGAR,CHANDABALI,NCRMP-AF,BIDYUTPRAVANAGAR,
URAMAL,20.816098,86.923998,BHADRAK,URAMAL,CHANDABALI,MCS,URAMAL,
JHARKOTI,20.818064,86.879946,BHADRAK,JHARKOTI,CHANDABALI,IRCS,JHARKOTI,
DASINGHA,20.818123,86.944422,BHADRAK,DASINGHA,CHANDABALI,MCS,DASINGHA,
HARISHPUR,20.818463,86.85644,BHADRAK,HARISHPUR,CHANDABALI,MCS,HARISHPUR,
NARSINGHPURDIHA,20.81938854,86.89448486,BHADRAK,NARSINGHPURDIHA,CHANDABALI,MCS,NARSINGHPURDIHA,
SHAILENDRAPALI,20.823033,86.859843,BHADRAK,SHAILENDRAPALI,CHANDABALI,MCS,SHAILENDRAPALI,
CHANIPAI,20.826098,86.942515,BHADRAK,CHANIPAI,CHANDABALI,NCRMP,CHANIPAI,
KOILEKHA,20.834091,86.658869,BHADRAK,KOILEKHA,CHANDABALI,MFS(CMRF),KOILEKHA,
GUANIA,20.83874,86.881647,BHADRAK,GUANIA,CHANDABALI,IRCS,GUANIA,
KRUSHNAPRASAD,20.840002,86.942873,BHADRAK,KRUSHNAPRASAD,CHANDABALI,MCS,KRUSHNAPRASAD,
KRUSHNAPUR,20.847319,86.691157,BHADRAK,KRUSHNAPUR,CHANDABALI,MFS(St.Plan),KRUSHNAPUR,
BADA TILANCHI,20.848267,86.842219,BHADRAK,BADA TILANCHI,CHANDABALI,NCRMP-AF,BADA TILANCHI,
KARANDIMAL,20.850144,86.722391,BHADRAK,KARANDIMAL,CHANDABALI,MFS(St.Plan),KARANDIMAL,
KANAKPRASAD,20.850262,86.938364,BHADRAK,KANAKPRASAD,CHANDABALI,NCRMP-AF,KANAKPRASAD,
MOTA,20.852801,86.764315,BHADRAK,MOTA,CHANDABALI,IRCS,MOTA,
GANGADHARPUR,20.853356,86.879053,BHADRAK,GANGADHARPUR,CHANDABALI,MCS,GANGADHARPUR,
CHHENAK,20.861014,86.864748,BHADRAK,CHHENAK,CHANDABALI,NCRMP-AF,CHHENAK,
GOURPRASAD,20.861046,86.935831,BHADRAK,GOURPRASAD,CHANDABALI,NCRMP-AF,GOURPRASAD,
BALIARPUR,20.866427,86.892046,BHADRAK,BALIARPUR,CHANDABALI,NCRMP,BALIARPUR,
BARAKULA,20.890925,86.820872,BHADRAK,BARAKULA,CHANDABALI,NCRMP,BARAKULA,
KARANJAMAL,20.891175,86.912363,BHADRAK,KARANJAMAL,CHANDABALI,MCS,KARANJAMAL,
JANTUALI,20.891293,86.849902,BHADRAK,JANTUALI,CHANDABALI,NCRMP,JANTUALI,
NACHHIPUR,20.89875787,86.86867382,BHADRAK,NACHHIPUR,CHANDABALI,NCRMP,NACHHIPUR,
SUNDARIPOKHARI,20.911577,86.830965,BHADRAK,SUNDARIPOKHARI,CHANDABALI,NCRMP,SUNDARIPOKHARI,
ANKAPARA,20.913252,86.80279,BHADRAK,ANKAPARA,CHANDABALI,NCRMP,ANKAPARA,
KHODALPOKHARI,20.918272,86.830408,BHADRAK,KHODALPOKHARI,CHANDABALI,NCRMP,KHODALPOKHARI,
BAINCHA,20.921368,86.895731,BHADRAK,BAINCHA,CHANDABALI,IRCS,BAINCHA,
BIRIADIHA,20.922409,86.804247,BHADRAK,BIRIADIHA,CHANDABALI,NCRMP,BIRIADIHA,
KADUANASI,20.943424,86.844302,BHADRAK,KADUANASI,CHANDABALI,NCRMP,KADUANASI,
SENDAGADA,20.9511961,86.81845028,BHADRAK,SENDAGADA,CHANDABALI,IRCS,SENDAGADA,
ARJUNPUR,20.872132,86.495608,BHADRAK,ARJUNPUR,DHAMANAGAR,MFS(CMRF),ARJUNPUR,
PADHANI,20.874182,86.476755,BHADRAK,PADHANI,DHAMANAGAR,MFS(St.Plan),PADHANI,
BAMAKURA,20.909203,86.555941,BHADRAK,BAMAKURA,DHAMANAGAR,MFS(CMRF),BAMAKURA,
BAYANGDIHI,20.919216,86.50545,BHADRAK,BAYANGDIHI,DHAMANAGAR,MFS(St.Plan),BAYANGDIHI,
TIARISAHI,20.900187,86.664767,BHADRAK,TIARISAHI,TIHIDI,MFS(St.Plan),TIARISAHI,
DAHAPANIA,20.957739,86.602267,BHADRAK,DAHAPANIA,TIHIDI,MFS(CMRF),DAHAPANIA,
SAYA,21.018942,86.649889,BHADRAK,SAYA,TIHIDI,MFS(CMRF),SAYA,
BAHIRA,20.806212,84.114222,BOUDH,BAHIRA,BOUDH,MFS(CMRF),BAHIRA,
DARMANAGAR,20.616453,84.588946,BOUDH,DARMANAGAR,HARBHABNGA,MFS(CMRF),DARMANAGAR,
GHANTAPARHA,20.549036,83.666842,BOUDH,GHANTAPARHA,KANTAMAL,MFS(CMRF),GHANTAPARHA,
GARHIAJOR,20.643896,83.763316,BOUDH,GARHIAJOR,KANTAMAL,MFS(CMRF),GARHIAJOR,
PATENIGAN,20.461373,85.724238,CUTTACK,PATENIGAN,ATHAGARH,MFS(CMRF),PATENIGAN,
DAHISARA,20.511534,85.684183,CUTTACK,DAHISARA,ATHAGARH,MFS(CMRF),DAHISARA,
SASANGA,20.376045,85.275706,CUTTACK,SASANGA,BADAMBA,MFS(CMRF),SASANGA,
SHANKHAMERI,20.379151,85.339014,CUTTACK,SHANKHAMERI,BADAMBA,MCS(CMRF),SHANKHAMERI,
GOPINATHAPUR,20.384087,85.370402,CUTTACK,GOPINATHAPUR,BADAMBA,MFS(CMRF),GOPINATHAPUR,
BENGERISINGHA,20.387659,85.450121,CUTTACK,BENGERISINGHA,BADAMBA,MFS(CMRF),BENGERISINGHA,
BAIGANI,20.353117,85.462138,CUTTACK,BAIGANI,BANKI,MFS(CMRF),BAIGANI,
BANDALO,20.411749,85.522547,CUTTACK,BANDALO,BANKI,MFS(CMRF),BANDALO,
SANTHIPALA,20.412138,85.513964,CUTTACK,SANTHIPALA,BANKI,MFS(CMRF),SANTHIPALA,
JHARKATA,20.423298,85.944941,CUTTACK,JHARKATA,CUTTACK SADAR,MFS(CMRF),JHARKATA,
PAKHARAKHALA,20.368342,85.565829,CUTTACK,PAKHARAKHALA,DAMPARA,MCS(CMRF),PAKHARAKHALA,
DAMAPARHAGARH,20.389067,85.616953,CUTTACK,DAMAPARHAGARH,DAMPARA,MFS(CMRF),DAMAPARHAGARH,
BAHABAJA,20.230883,86.055376,CUTTACK,BAHABAJA,KANTAPARA,MFS(CMRF),BAHABAJA,
MULBASANTA,20.615412,86.185137,CUTTACK,MULBASANTA,MAHANGA,MFS(CMRF),MULBASANTA,
MAHIPUR,20.653967,86.192026,CUTTACK,MAHIPUR,MAHANGA,MFS(CMRF),MAHIPUR,
EKADALA,20.413037,85.125094,CUTTACK,EKADALA,NARSINGHPUR,MFS(CMRF),EKADALA,
SUHAGPUR,20.04393,86.156855,CUTTACK,SUHAGPUR,NIALI,MFS(St.Plan),SUHAGPUR,
KARANGA,20.098061,86.137247,CUTTACK,KARANGA,NIALI,MFS(CMRF),KARANGA,
EKBERUAN,20.198441,86.132037,CUTTACK,EKBERUAN,NIALI,MCS(CMRF),EKBERUAN,
KARSADA,20.211005,86.073496,CUTTACK,KARSADA,NIALI,MFS(CMRF),KARSADA,
ERANCH,20.239285,86.066866,CUTTACK,ERANCH,NIALI,MFS(CMRF),ERANCH,
BRAHMANAKHANDA,20.391029,86.168674,CUTTACK,BRAHMANAKHANDA,NISCHITANTAKOIL,MFS(CMRF),BRAHMANAKHANDA,
DAUDPUR,20.409575,86.238497,CUTTACK,DAUDPUR,NISCHITANTAKOIL,MFS(CMRF),DAUDPUR,
NAGASAPUR,20.409731,86.199023,CUTTACK,NAGASAPUR,NISCHITANTAKOIL,MFS(CMRF),NAGASAPUR,
KOILAPARA,20.512779,85.843371,CUTTACK,KOILAPARA,TANGI CHOUDWAR,MFS(CMRF),KOILAPARA,
NAUPUT,20.415953,85.531275,CUTTACK,NAUPUT,TIGIRIA,MFS(CMRF),NAUPUT,
GODADHARAPUR,20.423115,85.492312,CUTTACK,GODADHARAPUR,TIGIRIA,MCS(CMRF),GODADHARAPUR,
ASURBANDHA,20.889088,85.784739,DHENKANAL,ASURBANDHA,BHUBAN,MFS(CMRF),ASURBANDHA,
NUAGARHA,20.821223,85.933291,DHENKANAL,NUAGARHA,GANDIA,MFS(CMRF),NUAGARHA,
LAHARHA,20.823942,85.901934,DHENKANAL,LAHARHA,GANDIA,MFS(CMRF),LAHARHA,
BUDHIBILI,20.831972,85.606966,DHENKANAL,BUDHIBILI,KAMAKHYANAGAR,MFS(CMRF),BUDHIBILI,
KANKARHAHARH,21.072546,85.569933,DHENKANAL,KANKARHAHARH,KANKADAHAD,MFS(CMRF),KANKARHAHARH,
KHARAGAPRASAD,20.821259,85.314959,DHENKANAL,KHARAGAPRASAD,ODAPADA,MFS(CMRF),KHARAGAPRASAD,
RANIGENGUTIA,20.80661,85.375292,DHENKANAL,RANIGENGUTIA,PARAJANG,MFS(CMRF),RANIGENGUTIA,
LAKSHMIPURANA,18.890261,83.873675,GAJAPATI,LAKSHMIPURANA,KASINAGAR,MFS(CMRF),LAKSHMIPURANA,
PARTADA,18.893152,84.017596,GAJAPATI,PARTADA,KASINAGAR,MFS(CMRF),PARTADA,
SARA,18.987513,83.813601,GAJAPATI,SARA,KASINAGAR,MFS(CMRF),SARA,
JAGADALPUR,19.672564,84.651926,GANJAM,JAGADALPUR,ASKA,MFS(CMRF),JAGADALPUR,
MAHARAJAPUR,19.681029,84.659052,GANJAM,MAHARAJAPUR,ASKA,MFS(St.Plan),MAHARAJAPUR,
MANDAR,19.873225,84.621836,GANJAM,MANDAR,BELAGUNTHA,MFS(St.Plan),MANDAR,
TURUMU,20.046074,84.616228,GANJAM,TURUMU,BHANJANAGAR,MFS(St.Plan),TURUMU,
KRUSHNASHARANAPUR,19.816075,84.791827,GANJAM,KRUSHNASHARANAPUR,BUGUDA,MFS(St.Plan),KRUSHNASHARANAPUR,
BANDARA,19.26400458,84.91092618,GANJAM,BANDARA,CHATRAPUR,NCRMP,BANDARA,
UPALAPUTI,19.28182759,84.91009394,GANJAM,UPALAPUTI,CHATRAPUR,MCS,UPALAPUTI,
MATIKHAL,19.3137106,84.9488716,GANJAM,MATIKHAL,CHATRAPUR,MCS,MATIKHAL,
BARHA ARYAPALLI,19.31463507,84.97335072,GANJAM,BARHA ARYAPALLI,CHATRAPUR,MCS,BARHA ARYAPALLI,
SANA ARYAPALLI,19.31970899,84.98057001,GANJAM,SANA ARYAPALLI,CHATRAPUR,NCRMP,SANA ARYAPALLI,
KANAMANA,19.32074642,84.9621851,GANJAM,KANAMANA,CHATRAPUR,MCS,KANAMANA,
NALIYANUAGAN,19.3551534,85.03978474,GANJAM,NALIYANUAGAN,CHATRAPUR,MCS,NALIYANUAGAN,
KARAPALLI,19.35887761,84.91560397,GANJAM,KARAPALLI,CHATRAPUR,NCRMP-AF,KARAPALLI,
AGASTINUAGAN,19.37161721,85.03323794,GANJAM,AGASTINUAGAN,CHATRAPUR,MCS,AGASTINUAGAN,
GOBA,19.484961,84.949396,GANJAM,GOBA,CHATRAPUR,MFS(St.Plan),GOBA,
PATISUNAPUR,19.08921104,84.76682399,GANJAM,PATISUNAPUR,CHIKITI,NCRMP,PATISUNAPUR,
SUNAPUR,19.12253413,84.77434481,GANJAM,SUNAPUR,CHIKITI,IRCS,SUNAPUR,
ALARAPUR,19.1364854,84.78156528,GANJAM,ALARAPUR,CHIKITI,MCS(CMRF),ALARAPUR,
CHANDANABARHA,19.14250723,84.78507227,GANJAM,CHANDANABARHA,CHIKITI,MCS,CHANDANABARHA,
GOBINDAPUR,19.15443817,84.75407129,GANJAM,GOBINDAPUR,CHIKITI,MCS(CMRF),GOBINDAPUR,
NUA MAISANAPUR,19.1642,84.589419,GANJAM,NUA MAISANAPUR,CHIKITI,MFS(St.Plan),NUA MAISANAPUR,
EKASING,19.16213342,84.79953579,GANJAM,EKASING,CHIKITI,NCRMP,EKASING,
PURUNA MAISANAPUR,19.173413,84.590266,GANJAM,PURUNA MAISANAPUR,CHIKITI,MFS(St.Plan),PURUNA MAISANAPUR,
DHANARASHI,19.233637,84.534365,GANJAM,DHANARASHI,DIGAPAHANDI,MFS(St.Plan),DHANARASHI,
NUAPARHA,19.237391,84.515398,GANJAM,NUAPARHA,DIGAPAHANDI,MFS(St.Plan),NUAPARHA,
GOLANDA,19.309744,84.475443,GANJAM,GOLANDA,DIGAPAHANDI,MFS(St.Plan),GOLANDA,
BHISMAGIRI,19.385927,84.470705,GANJAM,BHISMAGIRI,DIGAPAHANDI,MFS(St.Plan),BHISMAGIRI,
PURANABANDH,19.3825333,85.07126024,GANJAM,PURANABANDH,GANJAM,MCS,PURANABANDH,
BINCHANPALLI,19.3868876,85.06409194,GANJAM,BINCHANPALLI,GANJAM,CMRF,BINCHANPALLI,
NILADRIPURAM,19.39158167,85.01898027,GANJAM,NILADRIPURAM,GANJAM,NCRMP,NILADRIPURAM,
GOKHURKUDA,19.3941945,85.08307344,GANJAM,GOKHURKUDA,GANJAM,MCS,GOKHURKUDA,
RAJPUR,19.39759027,85.00263913,GANJAM,RAJPUR,GANJAM,NCRMP,RAJPUR,
KALAYANPUR,19.39713547,85.03874886,GANJAM,KALAYANPUR,GANJAM,MCS(CMRF),KALAYANPUR,
ALYABAD,19.4040724,85.02140412,GANJAM,ALYABAD,GANJAM,MFS(St.Plan),ALYABAD,
KARPARA,19.40561485,85.01616926,GANJAM,KARPARA,GANJAM,MFS(CMRF),KARPARA,
KANTIAGAR,19.41689625,85.09813639,GANJAM,KANTIAGAR,GANJAM,MCS,KANTIAGAR,
JAGANNATHPUR,19.41841676,85.03530017,GANJAM,JAGANNATHPUR,GANJAM,MCS(CMRF),JAGANNATHPUR,
HUMMA,19.4390671,85.07154498,GANJAM,HUMMA,GANJAM,NCRMP-AF,HUMMA,
LUNGURI,19.4304622,85.04456848,GANJAM,LUNGURI,GANJAM,NCRMP,LUNGURI,
BARADA,19.434267,85.000758,GANJAM,BARADA,GANJAM,MFS(St.Plan),BARADA,
BARIGAN,19.43546967,85.0558376,GANJAM,BARIGAN,GANJAM,NCRMP,BARIGAN,
JHATIPADAR,19.43900336,85.10413045,GANJAM,JHATIPADAR,GANJAM,NCRMP,JHATIPADAR,
RAGHUNATHPUR,19.44092847,85.09490106,GANJAM,RAGHUNATHPUR,GANJAM,MFS(St.Plan),RAGHUNATHPUR,
BELPARA,19.44630681,85.08016704,GANJAM,BELPARA,GANJAM,MCS(CMRF),BELPARA,
ARUNPUR,19.45377066,85.12779374,GANJAM,ARUNPUR,GANJAM,MCS,ARUNPUR,
SANTOSHPUR,19.467121,85.010195,GANJAM,SANTOSHPUR,GANJAM,MFS(St.Plan),SANTOSHPUR,
SHATRUSHOL,19.45588701,85.06359397,GANJAM,SHATRUSHOL,GANJAM,NCRMP-AF,SHATRUSHOL,
PROYAGI,19.470898,85.160212,GANJAM,PROYAGI,GANJAM,MCS,PROYAGI,
MATH MAKUNDAPUR,19.47352589,85.09469177,GANJAM,MATH MAKUNDAPUR,GANJAM,MCS(CMRF),MATH MAKUNDAPUR,
BINCHANAPALLI,19.47393142,85.1196339,GANJAM,BINCHANAPALLI,GANJAM,NCRMP-AF,BINCHANAPALLI,
SATULI,19.47583509,85.02970314,GANJAM,SATULI,GANJAM,NCRMP,SATULI,
BAHARAPALLI,19.48532623,85.06916728,GANJAM,BAHARAPALLI,GANJAM,NCRMP-AF,BAHARAPALLI,
POLLANGO,19.50820313,85.02899202,GANJAM,POLLANGO,GANJAM,NCRMP-AF,POLLANGO,
RALABA,19.475653,84.801562,GANJAM,RALABA,HINJILIKUT,MFS(CMRF),RALABA,
ALIPUR,19.490952,84.797167,GANJAM,ALIPUR,HINJILIKUT,MFS(St.Plan),ALIPUR,
BURUPARHA,19.494467,84.715182,GANJAM,BURUPARHA,HINJILIKUT,MCS(CMRF),BURUPARHA,
KHARIRHA,19.498959,84.76282,GANJAM,KHARIRHA,HINJILIKUT,MFS(St.Plan),KHARIRHA,
KODRA,19.503681,84.736536,GANJAM,KODRA,HINJILIKUT,MFS(St.Plan),KODRA,
MUKUNDAPUR,19.53464,85.010798,GANJAM,MUKUNDAPUR,KHALLIKOTE,NCRMP-AF,MUKUNDAPUR,
SABILIA,19.53850558,85.09707218,GANJAM,SABILIA,KHALLIKOTE,NCRMP,SABILIA,
BADOPALLI,19.5360592,85.06182828,GANJAM,BADOPALLI,KHALLIKOTE,NCRMP-AF,BADOPALLI,
BABARAPALLI,19.54997621,85.10354187,GANJAM,BABARAPALLI,KHALLIKOTE,NCRMP-AF,BABARAPALLI,
BANIA,19.556526,85.014513,GANJAM,BANIA,KHALLIKOTE,NCRMP-AF,BANIA,
KONOKA,19.56437277,85.11523283,GANJAM,KONOKA,KHALLIKOTE,NCRMP-AF,KONOKA,
SOMALA,19.57008035,85.13978311,GANJAM,SOMALA,KHALLIKOTE,ICZMP,SOMALA,
DHIMIRIYA,19.57213019,85.08974903,GANJAM,DHIMIRIYA,KHALLIKOTE,NCRMP-AF,DHIMIRIYA,
PALODHUAPALLI,19.58097625,85.08618427,GANJAM,PALODHUAPALLI,KHALLIKOTE,NCRMP-AF,PALODHUAPALLI,
BHARAMPUR,19.61524823,85.03545418,GANJAM,BHARAMPUR,KHALLIKOTE,NCRMP-AF,BHARAMPUR,
TULSIPUR,19.62870415,85.06872209,GANJAM,TULSIPUR,KHALLIKOTE,NCRMP-AF,TULSIPUR,
MANAPALLI,19.66430366,85.0814602,GANJAM,MANAPALLI,KHALLIKOTE,NCRMP-AF,MANAPALLI,
KUMARSINGI,19.705687,85.130648,GANJAM,KUMARSINGI,KHALLIKOTE,NCRMP-AF,KUMARSINGI,
NUAPALLI,19.6537086,85.03620761,GANJAM,NUAPALLI,KODALA,NCRMP-AF,NUAPALLI,
TENTULIA,19.657988,84.744387,GANJAM,TENTULIA,KODALA,MFS(St.Plan),TENTULIA,
SUNATHARA,19.433945,84.917666,GANJAM,SUNATHARA,PURUSHOTTAMPUR,MFS(St.Plan),SUNATHARA,
COBINDAPUR,19.490534,84.905459,GANJAM,COBINDAPUR,PURUSHOTTAMPUR,MCS(CMRF),COBINDAPUR,
PRATAPUR,19.491583,84.932169,GANJAM,PRATAPUR,PURUSHOTTAMPUR,MCS(CMRF),PRATAPUR,
BALIA,19.494927,84.952547,GANJAM,BALIA,PURUSHOTTAMPUR,MFS(St.Plan),BALIA,
ANTIRIGAN,19.49993,84.811556,GANJAM,ANTIRIGAN,PURUSHOTTAMPUR,MFS(St.Plan),ANTIRIGAN,
BHERASINGI,19.534617,84.745257,GANJAM,BHERASINGI,PURUSHOTTAMPUR,MFS(CMRF),BHERASINGI,
SHAMA,19.570252,84.926119,GANJAM,SHAMA,PURUSHOTTAMPUR,MFS(St.Plan),SHAMA,
DAYANIDHIPETA,19.14523583,84.77512549,GANJAM,DAYANIDHIPETA,RANGEILUNDA,MCS(CMRF),DAYANIDHIPETA,
DHEPI NUAPARHA,19.18030107,84.79892888,GANJAM,DHEPI NUAPARHA,RANGEILUNDA,MCS(CMRF),DHEPI NUAPARHA,
MENDRAJAPUR,19.18485567,84.7942552,GANJAM,MENDRAJAPUR,RANGEILUNDA,NCRMP-AF,MENDRAJAPUR,
MARKANDI,19.18954824,84.82791246,GANJAM,MARKANDI,RANGEILUNDA,NCRMP,MARKANDI,
TULU,19.20220604,84.81055536,GANJAM,TULU,RANGEILUNDA,MCS,TULU,
GUNAPALLI,19.21516078,84.79973597,GANJAM,GUNAPALLI,RANGEILUNDA,MCS(CMRF),GUNAPALLI,
GODIGAN,19.21786467,84.8317318,GANJAM,GODIGAN,RANGEILUNDA,MCS(CMRF),GODIGAN,
NUA GOLABANDHA,19.22338666,84.86858739,GANJAM,NUA GOLABANDHA,RANGEILUNDA,NCRMP-AF,NUA GOLABANDHA,
NUA BAKSHIPALLI,19.24928518,84.89410568,GANJAM,NUA BAKSHIPALLI,RANGEILUNDA,NCRMP,NUA BAKSHIPALLI,
GOPALPUR,19.25857341,84.90685553,GANJAM,GOPALPUR,RANGEILUNDA,MCS(CMRF),GOPALPUR,
HARIPUR,19.26841497,84.91137798,GANJAM,HARIPUR,RANGEILUNDA,MCS,HARIPUR,
ANTRABATIA,19.293783,84.889117,GANJAM,ANTRABATIA,RANGEILUNDA,MCS(CMRF),ANTRABATIA,
BALARAMAPALLI,19.454273,84.70077,GANJAM,BALARAMAPALLI,SERAGARH,MFS(St.Plan),BALARAMAPALLI,
KANJANA,19.520043,84.757731,GANJAM,KANJANA,SERAGARH,MFS(St.Plan),KANJANA,
TOGRAMA,19.530836,84.740862,GANJAM,TOGRAMA,SERAGARH,MFS(St.Plan),TOGRAMA,
SANTOSHAPU,19.532255,84.729655,GANJAM,SANTOSHAPU,SERAGARH,MFS(CMRF),SANTOSHAPU,
BRAHMANACHHAL,19.542338,84.72674,GANJAM,BRAHMANACHHAL,SERAGARH,MFS(St.Plan),BRAHMANACHHAL,
AMRUTULU,19.71723,84.405459,GANJAM,AMRUTULU,SORADA,MFS(St.Plan),AMRUTULU,
ANGESHWARPARHA,20.06277909,86.19899058,JAGATSINGPUR,ANGESHWARPARHA,BALIKUDA,MFS(St.Plan),ANGESHWARPARHA,
BASANDARA,20.296379,86.051974,JAGATSINGPUR,BASANDARA,BIRIDI,MFS(CMRF),BASANDARA,
BAGALPUR,20.298481,86.088564,JAGATSINGPUR,BAGALPUR,BIRIDI,MFS(CMRF),BAGALPUR,
GARHARISPUR,20.06539658,86.42063716,JAGATSINGPUR,GARHARISPUR,ERSAMA,MCS(CMRF),GARHARISPUR,
GODA,20.102314,86.385409,JAGATSINGPUR,GODA,ERSAMA,MFS(St.Plan),GODA,
PADMAPUR,20.10058776,86.45071676,JAGATSINGPUR,PADMAPUR,ERSAMA,IRCS,PADMAPUR,
BAGHARIHI,20.13067011,86.45939606,JAGATSINGPUR,BAGHARIHI,ERSAMA,MCS(CMRF),BAGHARIHI,
NARADIA,20.14506981,86.38148235,JAGATSINGPUR,NARADIA,ERSAMA,MCS,NARADIA,
DHAHIBAR,20.15699129,86.46098687,JAGATSINGPUR,DHAHIBAR,ERSAMA,MCS(CMRF),DHAHIBAR,
KANKANA,20.14688519,86.4760977,JAGATSINGPUR,KANKANA,ERSAMA,NCRMP,KANKANA,
SAHARABEDI,20.16125384,86.43664074,JAGATSINGPUR,SAHARABEDI,ERSAMA,NCRMP,SAHARABEDI,
KHURANTUT,20.19006455,86.47723239,JAGATSINGPUR,KHURANTUT,ERSAMA,IRCS,KHURANTUT,
GOBINDPUR,20.23316707,86.56181426,JAGATSINGPUR,GOBINDPUR,ERSAMA,MCS,GOBINDPUR,
BANDAR,19.99536281,86.34851769,JAGATSINGPUR,BANDAR,JAGATSINGPUR,IRCS,BANDAR,
ICHHAPUR,20.01498375,86.36296025,JAGATSINGPUR,ICHHAPUR,JAGATSINGPUR,MCS,ICHHAPUR,
BALIJHORI,20.00707227,86.38789123,JAGATSINGPUR,BALIJHORI,JAGATSINGPUR,MFS(CMRF),BALIJHORI,
RAGHUDIA,20.030054,86.299677,JAGATSINGPUR,RAGHUDIA,JAGATSINGPUR,MCS,RAGHUDIA,
DANDABEDI,20.054373,86.389811,JAGATSINGPUR,DANDABEDI,JAGATSINGPUR,NCRMP,DANDABEDI,
APANDARA,20.060654,86.309382,JAGATSINGPUR,APANDARA,JAGATSINGPUR,MFS(St.Plan),APANDARA,
SANTARAPUR,20.072169,86.325571,JAGATSINGPUR,SANTARAPUR,JAGATSINGPUR,NCRMP,SANTARAPUR,
BARA PODIA,20.263228,86.66139999,JAGATSINGPUR,BARA PODIA,KUJANGA,NCRMP,BARA PODIA,
BAHULANG,20.26983051,86.52977852,JAGATSINGPUR,BAHULANG,KUJANGA,MCS,BAHULANG,
FATEPUR,20.27772765,86.56062644,JAGATSINGPUR,FATEPUR,KUJANGA,MCS,FATEPUR,
BADABANDHA,20.27958222,86.51622459,JAGATSINGPUR,BADABANDHA,KUJANGA,NCRMP,BADABANDHA,
PANPALLI,20.29184641,86.52727224,JAGATSINGPUR,PANPALLI,KUJANGA,NCRMP,PANPALLI,
GANDIKIPUR,20.29658101,86.55786245,JAGATSINGPUR,GANDIKIPUR,KUJANGA,MFS(St.Plan),GANDIKIPUR,
MANGRAJPUR,20.30612888,86.56341591,JAGATSINGPUR,MANGRAJPUR,KUJANGA,MCS,MANGRAJPUR,
NIMIDIH,20.30137697,86.60634789,JAGATSINGPUR,NIMIDIH,KUJANGA,MCS,NIMIDIH,
JILANASI,20.3182263,86.48730314,JAGATSINGPUR,JILANASI,KUJANGA,MFS(CMRF),JILANASI,
BADBALIKANI,20.32207836,86.45182226,JAGATSINGPUR,BADBALIKANI,KUJANGA,MFS(St.Plan),BADBALIKANI,
NUAGARH,20.32100763,86.6164242,JAGATSINGPUR,NUAGARH,KUJANGA,MCS,NUAGARH,
PIPAL,20.3263483,86.59708702,JAGATSINGPUR,PIPAL,KUJANGA,MCS,PIPAL,
SAHARADIHA,20.32918296,86.50934341,JAGATSINGPUR,SAHARADIHA,KUJANGA,MFS(CMRF),SAHARADIHA,
BANASARA,20.33542531,86.42097187,JAGATSINGPUR,BANASARA,KUJANGA,MFS(St.Plan),BANASARA,
PORAPADEI,20.31918011,86.39713109,JAGATSINGPUR,PORAPADEI,TIRTOL,MFS(CMRF),PORAPADEI,
SANKHASHWAR,20.34283369,86.34211876,JAGATSINGPUR,SANKHASHWAR,TIRTOL,MFS(St.Plan),SANKHASHWAR,
KUTTA,20.343916,86.285021,JAGATSINGPUR,KUTTA,TIRTOL,MFS(St.Plan),KUTTA,
BHARGOL,20.35041616,86.35103017,JAGATSINGPUR,BHARGOL,TIRTOL,MFS(CMRF),BHARGOL,
KRUSHNANANDAPUR,20.35844328,86.25929197,JAGATSINGPUR,KRUSHNANANDAPUR,TIRTOL,MFS(St.Plan),KRUSHNANANDAPUR,
MOHADI,21.657204,83.482912,JHARSUGUDA,MOHADI,LAKHANPUR,MFS(CMRF),MOHADI,
KANAKTURA,21.775446,83.486231,JHARSUGUDA,KANAKTURA,LAKHANPUR,MFS(CMRF),KANAKTURA,
BANDIGAON,19.607495,82.804276,KALAHANDI,BANDIGAON,JAIPATANA,MFS(CMRF),BANDIGAON,
KOTENGAON,19.744063,82.898468,KALAHANDI,KOTENGAON,JUNAGARH,MFS(CMRF),KOTENGAON,
BALICHHARA,19.641143,82.871994,KALAHANDI,BALICHHARA,KALAMPUR,MFS(CMRF),BALICHHARA,
BELAKHANDI,20.345181,83.395289,KALAHANDI,BELAKHANDI,KESINGA,MFS(CMRF),BELAKHANDI,
ATTA,21.105057,86.183192,KEONJHAR,ATTA,GHASIPURA,MFS(CMRF),ATTA,
KARAGOLA,21.109677,86.203486,KEONJHAR,KARAGOLA,GHASIPURA,MFS(CMRF),KARAGOLA,
RATAKANA,21.036097,86.298487,KEONJHAR,RATAKANA,HATADIHI,MFS(CMRF),RATAKANA,
HABALESWAR,21.039931,86.266405,KEONJHAR,HABALESWAR,HATADIHI,MFS(CMRF),HABALESWAR,
UPARSAHI,20.222718,85.991991,KHURDA,UPARSAHI,BALIANTA,MFS(CMRF),UPARSAHI,
PRATAPRUDRAPUR,20.228523,85.980555,KHURDA,PRATAPRUDRAPUR,BALIANTA,MFS(CMRF),PRATAPRUDRAPUR,
GOTALGRAM,20.245522,85.902087,KHURDA,GOTALGRAM,BALIANTA,MFS(CMRF),GOTALGRAM,
BALIANTA,20.298882,85.896456,KHURDA,BALIANTA,BALIANTA,MFS(CMRF),BALIANTA,
KANTAPARHA,20.11343,86.066843,KHURDA,KANTAPARHA,BALIPATNA,MFS(CMRF),KANTAPARHA,
GARIA,20.122059,85.941355,KHURDA,GARIA,BALIPATNA,MFS(CMRF),GARIA,
KURUNJIPUR,20.127953,85.968462,KHURDA,KURUNJIPUR,BALIPATNA,MFS(CMRF),KURUNJIPUR,
PUBAGAR,20.139607,85.987757,KHURDA,PUBAGAR,BALIPATNA,MFS(CMRF),PUBAGAR,
PUNJIAMA SASAN,19.769421,85.136736,KHURDA,PUNJIAMA SASAN,BANAPUR,NCRMP_AF,PUNJIAMA SASAN,
DHUANLA,19.773543,85.215533,KHURDA,DHUANLA,BANAPUR,NCRMP_AF,DHUANLA,
MANIKPUR,19.77516,85.127955,KHURDA,MANIKPUR,BANAPUR,MFS(CMRF),MANIKPUR,
NARENDRAPUR,19.814224,85.182192,KHURDA,NARENDRAPUR,BANAPUR,NCRMP_AF,NARENDRAPUR,
BHAPUR,19.826956,85.14641,KHURDA,BHAPUR,BANAPUR,MFS(CMRF),BHAPUR,
KULOI,19.847113,85.252917,KHURDA,KULOI,BANAPUR,NCRMP_AF,KULOI,
BINJHALA,19.847586,85.22233,KHURDA,BINJHALA,BANAPUR,NCRMP_AF,BINJHALA,
HARICHANDANPUR,19.851147,85.225024,KHURDA,HARICHANDANPUR,BANAPUR,NCRMP_AF,HARICHANDANPUR,
GOTAPALLI,19.853995,85.2493,KHURDA,GOTAPALLI,BANAPUR,MFS(CMRF),GOTAPALLI,
MORAMOR,19.862303,85.272173,KHURDA,MORAMOR,BANAPUR,NCRMP_AF,MORAMOR,
LOKHATHPUR,20.218468,85.530154,KHURDA,LOKHATHPUR,BEGUNIA,MFS(CMRF),LOKHATHPUR,
PORADIHA,20.25396,85.509119,KHURDA,PORADIHA,BEGUNIA,MFS(CMRF),PORADIHA,
KAIRI,20.169317,85.829371,KHURDA,KAIRI,BHUBANESWAR,MFS(CMRF),KAIRI,
BORASAHI,19.717509,85.167734,KHURDA,BORASAHI,CHILIKA,NCRMP_AF,BORASAHI,
BRAHMAN KOSADIHI,19.794197,85.235064,KHURDA,BRAHMAN KOSADIHI,CHILIKA,NCRMP_AF,BRAHMAN KOSADIHI,
SANTASINGHPUR,19.796473,85.251803,KHURDA,SANTASINGHPUR,CHILIKA,NCRMP_AF,SANTASINGHPUR,
BANIABANDHA,19.809403,85.321429,KHURDA,BANIABANDHA,CHILIKA,NCRMP_AF,BANIABANDHA,
HARIPUR,19.82539,85.315058,KHURDA,HARIPUR,CHILIKA,NCRMP_AF,HARIPUR,
PARABAL,19.834692,85.332987,KHURDA,PARABAL,CHILIKA,NCRMP_AF,PARABAL,
BARADIHI,19.839064,85.356058,KHURDA,BARADIHI,CHILIKA,NCRMP_AF,BARADIHI,
BERIBAR,19.85344,85.338679,KHURDA,BERIBAR,CHILIKA,NCRMP_AF,BERIBAR,
MANSINGHPUR,19.855667,85.383936,KHURDA,MANSINGHPUR,CHILIKA,NCRMP_AF,MANSINGHPUR,
BHAGABATIPUR,19.859505,85.382418,KHURDA,BHAGABATIPUR,CHILIKA,NCRMP_AF,BHAGABATIPUR,
TIRIMAL,20.090946,85.66199,KHURDA,TIRIMAL,JATANI,MFS(CMRF),TIRIMAL,
BARANUAGAN,20.168623,85.69472,KHURDA,BARANUAGAN,JATANI,NCRMP,BARANUAGAN,
ANGARAPARHA,20.257761,85.647799,KHURDA,ANGARAPARHA,JATANI,MFS(CMRF),ANGARAPARHA,
BALAPUR,20.035683,85.590647,KHURDA,BALAPUR,KHURDA,MFS(CMRF),BALAPUR,
RATANPUR,19.86524,85.375834,KHURDA,RATANPUR,TANGI,NCRMP_AF,RATANPUR,
JAIMANGALPUR,19.871023,85.320284,KHURDA,JAIMANGALPUR,TANGI,NCRMP_AF,JAIMANGALPUR,
KARTIASAHI,19.915762,85.435412,KHURDA,KARTIASAHI,TANGI,NCRMP_AF,KARTIASAHI,
ORADA,19.915932,85.364588,KHURDA,ORADA,TANGI,NCRMP_AF,ORADA,
MANGLAJORI,19.916174,85.428278,KHURDA,MANGLAJORI,TANGI,NCRMP_AF,MANGLAJORI,
SINGARAMA,19.926289,85.341685,KHURDA,SINGARAMA,TANGI,NCRMP_AF,SINGARAMA,
KATIAKUT COLONY,19.936375,85.455386,KHURDA,KATIAKUT COLONY,TANGI,NCRMP_AF,KATIAKUT COLONY,
SUNDARPUR,19.936821,85.442843,KHURDA,SUNDARPUR,TANGI,NCRMP_AF,SUNDARPUR,
BALIPATPUR,19.937941,85.488512,KHURDA,BALIPATPUR,TANGI,NCRMP_AF,BALIPATPUR,
NUAGAON,19.938017,85.494257,KHURDA,NUAGAON,TANGI,NCRMP_AF,NUAGAON,
KANTALBAL,19.947762,85.474017,KHURDA,KANTALBAL,TANGI,NCRMP_AF,KANTALBAL,
RAMACHANDRAPUR,19.949106,85.358195,KHURDA,RAMACHANDRAPUR,TANGI,NCRMP_AF,RAMACHANDRAPUR,
BHUSANDAPUR,19.953736,85.474985,KHURDA,BHUSANDAPUR,TANGI,NCRMP_AF,BHUSANDAPUR,
ARERI,19.971304,85.555956,KHURDA,ARERI,TANGI,NCRMP_AF,ARERI,
NAYAGARH,19.97151,85.491228,KHURDA,NAYAGARH,TANGI,NCRMP_AF,NAYAGARH,
SALGAN,21.618046,86.855311,MAYURBHANJ,SALGAN,BARASAHI,MFS(CMRF),SALGAN,
BELANPUR,21.66297201,86.83398399,MAYURBHANJ,BELANPUR,BARASAHI,MFS(CMRF),BELANPUR,
RANGAPARA,21.67604955,86.82933697,MAYURBHANJ,RANGAPARA,BARASAHI,MFS(CMRF),RANGAPARA,
BAGULI,21.727928,86.789194,MAYURBHANJ,BAGULI,BARASAHI,MFS(CMRF),BAGULI,
KARPADA,21.541552,86.514857,MAYURBHANJ,KARPADA,KAPTIPADA,MFS(CMRF),KARPADA,
NARAPADA,21.917916,86.735987,MAYURBHANJ,NARAPADA,SHAMAKHUNTA,MFS(CMRF),NARAPADA,
SANAGARIA,21.924559,86.740137,MAYURBHANJ,SANAGARIA,SHAMAKHUNTA,MFS(CMRF),SANAGARIA,
KALIKAPUR,21.930741,86.749232,MAYURBHANJ,KALIKAPUR,SHAMAKHUNTA,MFS(CMRF),KALIKAPUR,
KANTAPAL,21.987047,86.670336,MAYURBHANJ,KANTAPAL,SHAMAKHUNTA,MFS(CMRF),KANTAPAL,
PURUNAPANI,21.567955,86.55173,MAYURBHANJ,PURUNAPANI,UDALA,MFS(CMRF),PURUNAPANI,
BIDYADHARPUR,20.326252,85.192866,NAYAGARH,BIDYADHARPUR,BHAPUR,MFS(CMRF),BIDYADHARPUR,
KORABARA,20.339978,85.335429,NAYAGARH,KORABARA,BHAPUR,MCS(CMRF),KORABARA,
BIDYADHARPUR,20.346518,85.236399,NAYAGARH,BIDYADHARPUR,BHAPUR,MFS(CMRF),BIDYADHARPUR,
HANUMANTAPRASAD,20.347721,85.263079,NAYAGARH,HANUMANTAPRASAD,BHAPUR,MFS(CMRF),HANUMANTAPRASAD,
WALIPUR,20.419888,85.040217,NAYAGARH,WALIPUR,GANIA,MFS(CMRF),WALIPUR,
BARMUL,20.499995,84.871561,NAYAGARH,BARMUL,GANIA,MCS(CMRF),BARMUL,
KANTILO,20.362326,85.197237,NAYAGARH,KANTILO,KHANDAPARA,MCS(CMRF),KANTILO,
SIDHAMUTA,20.395754,85.114764,NAYAGARH,SIDHAMUTA,KHANDAPARA,MFS(CMRF),SIDHAMUTA,
BARHA PANDUSA,20.151387,85.172709,NAYAGARH,BARHA PANDUSA,NAYAGARH,MFS(CMRF),BARHA PANDUSA,
NATUGRAMA,20.174187,85.161234,NAYAGARH,NATUGRAMA,NAYAGARH,MFS(CMRF),NATUGRAMA,
BARHA GORADA,20.042053,85.125796,NAYAGARH,BARHA GORADA,ODAGAON,MFS(CMRF),BARHA GORADA,
ARJUNPUR,19.95859,85.357111,NAYAGARH,ARJUNPUR,RANAPUR,MFS(CMRF),ARJUNPUR,
RANIGUDIA,19.970091,85.371706,NAYAGARH,RANIGUDIA,RANAPUR,NCRMP_AF,RANIGUDIA,
CHAMPAGARH,19.973974,85.433581,NAYAGARH,CHAMPAGARH,RANAPUR,NCRMP_AF,CHAMPAGARH,
BANDHAPALA,19.977074,85.409273,NAYAGARH,BANDHAPALA,RANAPUR,NCRMP_AF,BANDHAPALA,
BARANG GARIA,20.000149,85.37858,NAYAGARH,BARANG GARIA,RANAPUR,NCRMP_AF,BARANG GARIA,
CHAMPAPERHI,20.006949,85.370821,NAYAGARH,CHAMPAPERHI,RANAPUR,MFS(CMRF),CHAMPAPERHI,
BUTPALI,20.132323,82.680285,NUAPARA,BUTPALI,SINAPALI,MFS(CMRF),BUTPALI,
TONDAHAR,19.904438,86.221331,PURI,TONDAHAR,ASTARANGA,NCRMP,TONDAHAR,
KEATJANGA,19.910164,86.228915,PURI,KEATJANGA,ASTARANGA,NCRMP,KEATJANGA,
KARAL,19.925282,86.23997,PURI,KARAL,ASTARANGA,MFS(St.Plan),KARAL,
RATANPUR,19.938027,86.223658,PURI,RATANPUR,ASTARANGA,NCRMP-AF,RATANPUR,
BANTILO,19.943537,86.23485,PURI,BANTILO,ASTARANGA,NCRMP,BANTILO,
MUDGAL,19.962147,86.23363,PURI,MUDGAL,ASTARANGA,NCRMP-AF,MUDGAL,
NATHARO,19.966116,86.237902,PURI,NATHARO,ASTARANGA,NCRMP-AF,NATHARO,
MADHUPUR,19.967324,86.307009,PURI,MADHUPUR,ASTARANGA,NCRMP,MADHUPUR,
KUNDESHWAR,19.970621,86.208422,PURI,KUNDESHWAR,ASTARANGA,NCRMP-AF,KUNDESHWAR,
NUAGAR,19.972636,86.322451,PURI,NUAGAR,ASTARANGA,IRCS,NUAGAR,
KENDRAPATI,19.976006,86.219866,PURI,KENDRAPATI,ASTARANGA,NCRMP,KENDRAPATI,
DAKHIN PANTAL,19.997277,86.309908,PURI,DAKHIN PANTAL,ASTARANGA,MFS(St.Plan),DAKHIN PANTAL,
NAGAR,19.998646,86.306742,PURI,NAGAR,ASTARANGA,IRCS,NAGAR,
NAGAR,20.00652,86.30572,PURI,NAGAR,ASTARANGA,NCRMP-AF,NAGAR,
KALIAKANA,20.0131223,86.30359538,PURI,KALIAKANA,ASTARANGA,NCRMP,KALIAKANA,
KHANDASAHI,20.014733,86.248644,PURI,KHANDASAHI,ASTARANGA,NCRMP-AF,KHANDASAHI,
OSIAN,20.02223263,86.28807575,PURI,OSIAN,ASTARANGA,NCRMP-AF,OSIAN,
PATSUNDARPUR,20.02292145,86.2858741,PURI,PATSUNDARPUR,ASTARANGA,NCRMP,PATSUNDARPUR,
TALDA,20.032902,86.251948,PURI,TALDA,ASTARANGA,MCS,TALDA,
DIHI KORARA,20.04733596,86.27836569,PURI,DIHI KORARA,ASTARANGA,MFS(St.Plan),DIHI KORARA,
MOT,19.752585,85.668658,PURI,MOT,BRAMHAGIRI,IRCS,MOT,
CHAMPANIK,19.761347,85.649805,PURI,CHAMPANIK,BRAMHAGIRI,NCRMP,CHAMPANIK,
MATMATPUR,19.763357,85.654429,PURI,MATMATPUR,BRAMHAGIRI,NCRMP-AF,MATMATPUR,
NARSINGHA PATNA,19.763874,85.702158,PURI,NARSINGHA PATNA,BRAMHAGIRI,MCS,NARSINGHA PATNA,
SATYAKIPUR,19.767716,85.661394,PURI,SATYAKIPUR,BRAMHAGIRI,MCS(CMRF),SATYAKIPUR,
JAGANNATH PATNA,19.772022,85.70521,PURI,JAGANNATH PATNA,BRAMHAGIRI,IRCS,JAGANNATH PATNA,
PALANK,19.77406,85.679026,PURI,PALANK,BRAMHAGIRI,NCRMP,PALANK,
BOLUKHADRA PATNA,19.782316,85.722559,PURI,BOLUKHADRA PATNA,BRAMHAGIRI,NCRMP-AF,BOLUKHADRA PATNA,
BARA BENAKUDI,19.786085,85.577196,PURI,BARA BENAKUDI,BRAMHAGIRI,NCRMP,BARA BENAKUDI,
BARJHANGA,19.789509,85.712046,PURI,BARJHANGA,BRAMHAGIRI,NCRMP,BARJHANGA,
SANA BANDHKERA,19.81008,85.641138,PURI,SANA BANDHKERA,BRAMHAGIRI,MFS(St.Plan),SANA BANDHKERA,
KAHALPADA,19.810755,85.608286,PURI,KAHALPADA,BRAMHAGIRI,NCRMP,KAHALPADA,
BARA BANDHKERA,19.811198,85.652193,PURI,BARA BANDHKERA,BRAMHAGIRI,NCRMP-AF,BARA BANDHKERA,
GORUAL,19.81163,85.75648,PURI,GORUAL,BRAMHAGIRI,NCRMP-AF,GORUAL,
BRAHMANJA,19.81942,85.624049,PURI,BRAHMANJA,BRAMHAGIRI,MCS(CMRF),BRAHMANJA,
TERAN,19.820437,85.733149,PURI,TERAN,BRAMHAGIRI,NCRMP-AF,TERAN,
GOURBANDH,19.821383,85.662943,PURI,GOURBANDH,BRAMHAGIRI,NCRMP-AF,GOURBANDH,
KANKURA,19.832905,85.74161,PURI,KANKURA,BRAMHAGIRI,NCRMP-AF,KANKURA,
BIDURBANK,19.836039,85.640086,PURI,BIDURBANK,BRAMHAGIRI,NCRMP-AF,BIDURBANK,
MANDPARA,19.841971,85.638529,PURI,MANDPARA,BRAMHAGIRI,NCRMP-AF,MANDPARA,
CHATURTHASHA,19.844946,85.74145,PURI,CHATURTHASHA,BRAMHAGIRI,NCRMP-AF,CHATURTHASHA,
GOLORA,19.85006,85.598452,PURI,GOLORA,BRAMHAGIRI,NCRMP-AF,GOLORA,
CHHATAPUR,19.851134,85.638453,PURI,CHHATAPUR,BRAMHAGIRI,NCRMP-AF,CHHATAPUR,
GHATAKURI,19.860501,85.671267,PURI,GHATAKURI,BRAMHAGIRI,NCRMP-AF,GHATAKURI,
BANASTAPADA,19.861891,85.733363,PURI,BANASTAPADA,BRAMHAGIRI,MFS(St.Plan),BANASTAPADA,
TIARPARI,19.862213,85.663645,PURI,TIARPARI,BRAMHAGIRI,NCRMP-AF,TIARPARI,
JAGADAL,19.863833,85.587344,PURI,JAGADAL,BRAMHAGIRI,NCRMP-AF,JAGADAL,
BHANDARIKUDA,19.864939,85.638636,PURI,BHANDARIKUDA,BRAMHAGIRI,NCRMP-AF,BHANDARIKUDA,
RAMCHANDRAPUR,19.866806,85.657496,PURI,RAMCHANDRAPUR,BRAMHAGIRI,NCRMP-AF,RAMCHANDRAPUR,
NUAPADA,19.86956,85.61262,PURI,NUAPADA,BRAMHAGIRI,NCRMP,NUAPADA,
DIMIRISANA,19.873724,85.663706,PURI,DIMIRISANA,BRAMHAGIRI,NCRMP-AF,DIMIRISANA,
TALMAL,19.88872,85.608553,PURI,TALMAL,BRAMHAGIRI,NCRMP-AF,TALMAL,
INDIPUR,19.982977,85.726305,PURI,INDIPUR,DELANGA,MFS(CMRF),INDIPUR,
DHANKERA,19.992148,85.702845,PURI,DHANKERA,DELANGA,MFS(CMRF),DHANKERA,
GURUPAIL,20.016594,85.73334,PURI,GURUPAIL,DELANGA,MFS(St.Plan),GURUPAIL,
KALYANPUR,20.034346,85.692248,PURI,KALYANPUR,DELANGA,MCS(CMRF),KALYANPUR,
KHALKATA,19.855681,86.042139,PURI,KHALKATA,GOP,NCRMP,KHALKATA,
BHUAN,19.865225,85.947955,PURI,BHUAN,GOP,NCRMP,BHUAN,
CHANDRABHAGA,19.867693,86.111491,PURI,CHANDRABHAGA,GOP,NCRMP,CHANDRABHAGA,
BANGOR,19.874501,86.006609,PURI,BANGOR,GOP,NCRMP,BANGOR,
BANIASAHI,19.891749,85.97362,PURI,BANIASAHI,GOP,NCRMP-AF,BANIASAHI,
INCHOL,19.900919,85.978121,PURI,INCHOL,GOP,NCRMP-AF,INCHOL,
SURJANAGAR,19.90304,86.004748,PURI,SURJANAGAR,GOP,NCRMP,SURJANAGAR,
ACHYUTPUR,19.914582,86.060831,PURI,ACHYUTPUR,GOP,NCRMP-AF,ACHYUTPUR,
TARANA,19.914896,85.955378,PURI,TARANA,GOP,NCRMP-AF,TARANA,
BANTALIGRAM,19.915112,85.990115,PURI,BANTALIGRAM,GOP,NCRMP-AF,BANTALIGRAM,
KANTIJHARI,19.917654,86.098391,PURI,KANTIJHARI,GOP,NCRMP,KANTIJHARI,
BARTARA,19.924574,86.037821,PURI,BARTARA,GOP,NCRMP,BARTARA,
SARDA,19.934927,86.061533,PURI,SARDA,GOP,NCRMP,SARDA,
AMBILIGAN,19.938055,86.110674,PURI,AMBILIGAN,GOP,NCRMP-AF,AMBILIGAN,
POROPARA,19.942532,85.960818,PURI,POROPARA,GOP,MFS(St.Plan),POROPARA,
KUNDIS,19.947466,86.064234,PURI,KUNDIS,GOP,NCRMP,KUNDIS,
MANDUPODA,19.958752,86.085825,PURI,MANDUPODA,GOP,NCRMP-AF,MANDUPODA,
GARDALI,19.961643,85.983431,PURI,GARDALI,GOP,MFS(St.Plan),GARDALI,
ALNGGOLA,19.968016,86.152422,PURI,ALNGGOLA,GOP,NCRMP-AF,ALNGGOLA,
DURGAPUR,19.970057,86.143961,PURI,DURGAPUR,GOP,NCRMP-AF,DURGAPUR,
NARIYAMATHA,19.904547,86.19475,PURI,NARIYAMATHA,KAKATPUR,MCS,NARIYAMATHA,
CHHATIPARA,19.911583,86.208987,PURI,CHHATIPARA,KAKATPUR,NCRMP,CHHATIPARA,
ARUAL,19.919762,86.144617,PURI,ARUAL,KAKATPUR,NCRMP,ARUAL,
TENTULIYA,19.92968,86.203646,PURI,TENTULIYA,KAKATPUR,IRCS,TENTULIYA,
DHANTIR,19.949892,86.12475,PURI,DHANTIR,KAKATPUR,NCRMP,DHANTIR,
JALESHWARPARA,19.971442,86.174219,PURI,JALESHWARPARA,KAKATPUR,NCRMP,JALESHWARPARA,
ITAMBARPUR,19.988714,86.191836,PURI,ITAMBARPUR,KAKATPUR,NCRMP-AF,ITAMBARPUR,
JODAPADAR,19.900456,85.634348,PURI,JODAPADAR,KANAS,NCRMP-AF,JODAPADAR,
GOPINATHPUR,19.914469,85.590494,PURI,GOPINATHPUR,KANAS,NCRMP-AF,GOPINATHPUR,
PAIKMARA,19.915241,85.582117,PURI,PAIKMARA,KANAS,NCRMP-AF,PAIKMARA,
JAMILIGODA,19.917311,85.610003,PURI,JAMILIGODA,KANAS,MFS(St.Plan),JAMILIGODA,
KOLAPADAR,19.917578,85.589678,PURI,KOLAPADAR,KANAS,NCRMP-AF,KOLAPADAR,
BILAPATNA,19.919674,85.597849,PURI,BILAPATNA,KANAS,NCRMP-AF,BILAPATNA,
BARAORA,19.921265,85.574259,PURI,BARAORA,KANAS,MFS(St.Plan),BARAORA,
JAGULAIPADAR,19.926131,85.592913,PURI,JAGULAIPADAR,KANAS,NCRMP_AF,JAGULAIPADAR,
BASANTPUR,19.926352,85.624934,PURI,BASANTPUR,KANAS,NCRMP_AF,BASANTPUR,
SAHASPUR,19.930323,85.582842,PURI,SAHASPUR,KANAS,NCRMP_AF,SAHASPUR,
DEIPUR,19.941534,85.535387,PURI,DEIPUR,KANAS,NCRMP-AF,DEIPUR,
KAURIKHANI,19.942948,85.590983,PURI,KAURIKHANI,KANAS,NCRMP-AF,KAURIKHANI,
TELONGAPARA,19.945566,85.547404,PURI,TELONGAPARA,KANAS,MFS(St.Plan),TELONGAPARA,
SUNAKHARA,19.948706,85.59421,PURI,SUNAKHARA,KANAS,MFS(St.Plan),SUNAKHARA,
GORKHAROD,19.956064,85.525652,PURI,GORKHAROD,KANAS,NCRMP-AF,GORKHAROD,
BERHATANDUL,19.962727,85.592715,PURI,BERHATANDUL,KANAS,NCRMP_AF,BERHATANDUL,
SIRIAPARA,19.964779,85.580065,PURI,SIRIAPARA,KANAS,NCRMP_AF,SIRIAPARA,
CHUPURUNGI,19.96863199,85.61668369,PURI,CHUPURUNGI,KANAS,NCRMP-AF,CHUPURUNGI,
ANILRA,19.969015,85.580263,PURI,ANILRA,KANAS,NCRMP-AF,ANILRA,
JANKIA,19.969353,85.623095,PURI,JANKIA,KANAS,MFS(CMRF),JANKIA,
BAKU,19.98581,85.583536,PURI,BAKU,KANAS,NCRMP_AF,BAKU,
LAKHANPUR,19.998198,85.606844,PURI,LAKHANPUR,KANAS,MFS(CMRF),LAKHANPUR,
RAMLANKA,19.495222,85.182932,PURI,RAMLANKA,KRUSHNAPRASAD,MCS,RAMLANKA,
BRAHMANDEO,19.497481,85.190241,PURI,BRAHMANDEO,KRUSHNAPRASAD,MFS(St.Plan),BRAHMANDEO,
BAJRAKOT,19.527054,85.222803,PURI,BAJRAKOT,KRUSHNAPRASAD,NCRMP,BAJRAKOT,
DEGIRI,19.527987,85.232836,PURI,DEGIRI,KRUSHNAPRASAD,NCRMP_AF,DEGIRI,
TALRALA,19.539713,85.202906,PURI,TALRALA,KRUSHNAPRASAD,MCS,TALRALA,
PHATEPUR,19.54785,85.253428,PURI,PHATEPUR,KRUSHNAPRASAD,NCRMP,PHATEPUR,
SIANDI,19.576761,85.299143,PURI,SIANDI,KRUSHNAPRASAD,MCS,SIANDI,
GOPAKUDA,19.584748,85.238962,PURI,GOPAKUDA,KRUSHNAPRASAD,MCS,GOPAKUDA,
KANHEIPUR,19.584894,85.276766,PURI,KANHEIPUR,KRUSHNAPRASAD,MCS(CMRF),KANHEIPUR,
SIYALA,19.59342,85.252673,PURI,SIYALA,KRUSHNAPRASAD,NCRMP,SIYALA,
JAMUNA,19.59743,85.320093,PURI,JAMUNA,KRUSHNAPRASAD,ICZMP,JAMUNA,
ALANDA,19.604889,85.314478,PURI,ALANDA,KRUSHNAPRASAD,ICZMP,ALANDA,
NUAGAON,19.610218,85.350458,PURI,NUAGAON,KRUSHNAPRASAD,NCRMP_AF,NUAGAON,
TITIPO,19.613768,85.337275,PURI,TITIPO,KRUSHNAPRASAD,ICZMP,TITIPO,
BARAANLA,19.616724,85.258997,PURI,BARAANLA,KRUSHNAPRASAD,MFS(St.Plan),BARAANLA,
GOMUNDIA,19.625614,85.352633,PURI,GOMUNDIA,KRUSHNAPRASAD,NCRMP,GOMUNDIA,
KHATIAKUDI,19.629736,85.250307,PURI,KHATIAKUDI,KRUSHNAPRASAD,ICZMP,KHATIAKUDI,
KHIRSAHI,19.630549,85.39522,PURI,KHIRSAHI,KRUSHNAPRASAD,ICZMP,KHIRSAHI,
KRISHNAPRASADGARH,19.634335,85.259363,PURI,KRISHNAPRASADGARH,KRUSHNAPRASAD,NCRMP_AF,KRISHNAPRASADGARH,
JHARKATA,19.635485,85.385653,PURI,JHARKATA,KRUSHNAPRASAD,ICZMP,JHARKATA,
JENAPUR,19.641066,85.372927,PURI,JENAPUR,KRUSHNAPRASAD,NCRMP,JENAPUR,
BRAHMAPUR,19.649395,85.434771,PURI,BRAHMAPUR,KRUSHNAPRASAD,MCS,BRAHMAPUR,
SIPIA,19.649534,85.356531,PURI,SIPIA,KRUSHNAPRASAD,NCRMP,SIPIA,
MAHISA,19.653265,85.426485,PURI,MAHISA,KRUSHNAPRASAD,NCRMP,MAHISA,
NUAPARA,19.667118,85.385531,PURI,NUAPARA,KRUSHNAPRASAD,MCS,NUAPARA,
SATPARA,19.669997,85.445025,PURI,SATPARA,KRUSHNAPRASAD,MCS,SATPARA,
BAGHMUNDA,19.677386,85.477785,PURI,BAGHMUNDA,KRUSHNAPRASAD,ICZMP,BAGHMUNDA,
GURUBAL,19.680388,85.39947,PURI,GURUBAL,KRUSHNAPRASAD,ICZMP,GURUBAL,
NUAGAON,19.682785,85.480059,PURI,NUAGAON,KRUSHNAPRASAD,MFS(St.Plan),NUAGAON,
GOBAKUND,19.687483,85.516642,PURI,GOBAKUND,KRUSHNAPRASAD,IRCS,GOBAKUND,
PIRIJIPUR,19.691424,85.492571,PURI,PIRIJIPUR,KRUSHNAPRASAD,IRCS,PIRIJIPUR,
MANIKPATNA,19.696167,85.533144,PURI,MANIKPATNA,KRUSHNAPRASAD,MCS,MANIKPATNA,
SANAPATNA,19.700957,85.542025,PURI,SANAPATNA,KRUSHNAPRASAD,IRCS,SANAPATNA,
GANGADHARPUR,19.710709,85.519709,PURI,GANGADHARPUR,KRUSHNAPRASAD,IRCS,GANGADHARPUR,
RAMESWARPUR,19.716843,85.54407,PURI,RAMESWARPUR,KRUSHNAPRASAD,NCRMP_AF,RAMESWARPUR,
PANASAPADA,19.719601,85.525256,PURI,PANASAPADA,KRUSHNAPRASAD,MCS,PANASAPADA,
SIARA,19.728594,85.541209,PURI,SIARA,KRUSHNAPRASAD,NCRMP_AF,SIARA,
GOPINATHPUR,19.740996,85.569247,PURI,GOPINATHPUR,KRUSHNAPRASAD,MCS,GOPINATHPUR,
GARATORIHAN,20.046747,85.924471,PURI,GARATORIHAN,NIMAPADA,MCS(CMRF),GARATORIHAN,
BAULPADA,20.108616,85.929659,PURI,BAULPADA,NIMAPADA,MFS(St.Plan),BAULPADA,
BARA MACHHAPUR,20.111584,85.962878,PURI,BARA MACHHAPUR,NIMAPADA,MFS(St.Plan),BARA MACHHAPUR,
KAKURIA,20.141928,85.763026,PURI,KAKURIA,PIPILI,MFS(St.Plan),KAKURIA,
BILIPARA,20.154715,85.879999,PURI,BILIPARA,PIPILI,MFS(St.Plan),BILIPARA,
LAKSHMINARAYANPUR,20.170578,85.863131,PURI,LAKSHMINARAYANPUR,PIPILI,MFS(CMRF),LAKSHMINARAYANPUR,
PURI,19.808008,85.820101,PURI,PURI,PURI,MCS,PURI,
KHARIAPADA,19.818253,85.797152,PURI,KHARIAPADA,PURI,NCRMP_AF,KHARIAPADA,
BALIGHAT,19.823376,85.849192,PURI,BALIGHAT,PURI,NCRMP_AF,BALIGHAT,
REDUA,19.848765,85.857378,PURI,REDUA,PURI,NCRMP,REDUA,
BELADOL,19.849833,85.902102,PURI,BELADOL,PURI,MCS,BELADOL,
RAHANGIRIA,19.859997,85.851855,PURI,RAHANGIRIA,PURI,NCRMP,RAHANGIRIA,
KURUNTI,19.871159,85.740259,PURI,KURUNTI,PURI,NCRMP_AF,KURUNTI,
HANTUR,19.871159,85.754023,PURI,HANTUR,PURI,NCRMP_AF,HANTUR,
URA,19.879755,85.88251,PURI,URA,PURI,MFS(St.Plan),URA,
KRUSHNANJANPUR,19.882223,85.795718,PURI,KRUSHNANJANPUR,PURI,NCRMP_AF,KRUSHNANJANPUR,
KANTASIL,19.884705,85.874926,PURI,KANTASIL,PURI,NCRMP,KANTASIL,
GANGANARAYANPUR,19.900997,85.829478,PURI,GANGANARAYANPUR,PURI,NCRMP_AF,GANGANARAYANPUR,
KHANDIGHAR,19.902622,85.738612,PURI,KHANDIGHAR,PURI,MCS(CMRF),KHANDIGHAR,
JAMARSUAN,19.913471,85.915591,PURI,JAMARSUAN,PURI,NCRMP,JAMARSUAN,
SIARO,19.944224,85.950213,PURI,SIARO,PURI,MCS,SIARO,
SUKOL,19.935213,85.707789,PURI,SUKOL,SATYABADI,MCS(CMRF),SUKOL,
NARENDRAPUR,19.941408,85.762881,PURI,NARENDRAPUR,SATYABADI,NCRMP-AF,NARENDRAPUR,
ALAGUM,19.951937,85.745898,PURI,ALAGUM,SATYABADI,MFS(CMRF),ALAGUM,
BIDYADHARPUR,19.977787,85.876627,PURI,BIDYADHARPUR,SATYABADI,MFS(St.Plan),BIDYADHARPUR,
MALASAHI,19.981184,85.907702,PURI,MALASAHI,SATYABADI,MFS(St.Plan),MALASAHI,
KUTRAGARH,19.612845,83.550661,RAYAGADA,KUTRAGARH,BISSAM CUTTACK,MFS(CMRF),KUTRAGARH,
GUNUPUR,19.077675,83.82046,RAYAGADA,GUNUPUR,GUNUPUR,MFS(CMRF),GUNUPUR,
RAMAHANDRAPUR,19.028637,83.434954,RAYAGADA,RAMAHANDRAPUR,RAYAGADA,MFS(CMRF),RAMAHANDRAPUR,
DHAMA,21.258375,83.921755,SAMBALPUR,DHAMA,MANESWAR,MFS(CMRF),DHAMA,
CHANWARPUR,21.438702,83.971155,SAMBALPUR,CHANWARPUR,SAMBALPUR,MFS(CMRF),CHANWARPUR,
BINIKA,21.027825,83.812106,SONEPUR,BINIKA,BINIKA,MCS(CMRF),BINIKA,
SUBULIA,20.898485,84.169375,SONEPUR,SUBULIA,BIRAMAHARAJPUR,MFS(CMRF),SUBULIA,
DIKSIRA,20.982987,83.578799,SONEPUR,DIKSIRA,DUNGRIPALI,MFS(CMRF),DIKSIRA,
SONAPUR,20.844586,83.914835,SONEPUR,SONAPUR,SONEPUR,MCS(CMRF),SONAPUR,
MUNDAGHAT,20.865824,83.923487,SONEPUR,MUNDAGHAT,ULUNDA,MCS(CMRF),MUNDAGHAT,
NEW PODAMPETA,19.44139426,85.1265353,GANJAM,NEW PODAMPETA,GANJAM,NCRMP-AF,NEW PODAMPETA,
KESAPUR,19.613211,85.130387,GANJAM,KESAPUR,BALASORE SADAR,NCRMP-AF,KESAPUR,
GADAKASTA,19.61570637,85.0434727,GANJAM,GADAKASTA,KHALLIKOTE,NCRMP-AF,GADAKASTA,
Saraswatinagar,19.916998,85.53091,KHURDA,Saraswatinagar,TANGI,NCRMP_AF,Saraswatinagar,
Mulabasanta,19.912677,85.652698,PURI,Mulabasanta,KANAS,NCRMP_AF,Mulabasanta,
Sarapokhari adi,21.20025187,86.79912429,BHADRAK,Sarapokhari adi,BASUDEVPUR,NCRMP,Sarapokhari adi,
Dhanuharbelari,19.98955402,86.37772512,JAGATSINGHPUR,Dhanuharbelari,JAGATSINGHPUR,NCRMP,Dhanuharbelari,
Dharanikudi,19.799956,85.588575,PURI,Dharanikudi,BRAHMAGIRI,NCRMP,Dharanikudi,
Budhibar,19.577251,85.212504,PURI,Budhibar,KRUSHNAPRASAD,NCRMP,Budhibar,
Chaka Sartha,21.53126827,87.10782095,BALASORE,Chaka Sartha,BALASORE,MFS(St.Plan),Chaka Sartha,
Jamakunda,21.62087297,87.33239444,BALASORE,Jamakunda,BALIAPALA,MFS(St.Plan),Jamakunda,
Guamunda,20.2196014,86.49209615,JAGATSINGHPUR,Guamunda,ERSAMA,MFS(St.Plan),Guamunda,
Marichipur,20.02637826,86.34217895,JAGATSINGHPUR,Marichipur,JAGATSINGHPUR,MCS(CMRF),Marichipur,
Ganganarayanpur,19.900303,85.829399,PURI,Ganganarayanpur,PURI,MFS(St.Plan),Ganganarayanpur,
Sanaanla,19.621564,85.259801,PURI,Sanaanla,KRUSHNAPRASAD,MFS(St.Plan),Sanaanla,
Kurupala,19.627912,85.380367,PURI,Kurupala,KRUSHNAPRASAD,MCS(CMRF),Kurupala,
Binakhandi,21.45786,83.979565,SAMBALPUR,Binakhandi,SAMBALPUR,MFS(CMRF),Binakhandi,
Talbhata,21.480391,83.95494,SAMBALPUR,Talbhata,SAMBALPUR,MFS(CMRF),Talbhata,
Madhurchuan,19.50067221,85.11523758,GANJAM,Madhurchuan,GANJAM,ICZMP,Madhurchuan,
GANGAMANISHILA,21.01869575,86.81618664,BHADRAK,GANGAMANISHILA,BASUDEVPUR,IRCS,GANGAMANISHILA,
DHINDACHANDI,21.07811269,86.83598865,BHADRAK,DHINDACHANDI,BASUDEVPUR,NCRMP-AF,DHINDACHANDI,
Kashimpur,21.56892332,86.86668091,BALASORE,Kashimpur,REMUNA,MFS(CMRF),Kashimpur,
Duttapur,20.85196,86.566521,JAJPUR,Duttapur,DASARATHIPUR,MFS(CMRF),Duttapur,
Kalabudhi,21.57750904,87.11926767,BALASORE,Kalabudhi,BALASORE,MFS(CMRF),Kalabudhi,
Bedari,20.37717717,86.41801705,KENDRAPARA,Bedari,GARADAPUR,MFS(CMRF),Bedari,
Kaudiapur,19.966335,85.620376,PURI,Kaudiapur,KANAS,MFS(CMRF),Kaudiapur,
Gobindapur,21.00227454,86.80357449,BHADRAK,Gobindapur,BASUDEVPUR,MFS(CMRF),Gobindapur,
Khandahota,19.94513565,85.63958669,PURI,Khandahota,KANAS,MCS(CMRF),Khandahota,
sonepur,20.84015305,83.91684057,SONEPUR,sonepur,SONEPUR,MCS(CMRF),sonepur,
Ikrapal,21.64448529,87.33355868,BALASORE,Ikrapal,BALIAPALA,,Ikrapal,
Jambhirai,21.55023104,87.17854977,BALASORE,Jambhirai,BALIAPALA,,Jambhirai,
Tarasahi,20.04289669,86.268779,JAGATSINGHPUR,Tarasahi,JAGATSINGHPUR,,Tarasahi,
Tarasahi,20.04636848,86.27767302,JAGATSINGHPUR,Tarasahi,JAGATSINGHPUR,,Tarasahi,
Khedualpur,20.96951021,86.82198215,BHADRAK,Khedualpur,BASUDEVPUR,,Khedualpur,
Uttarasahi,20.90738701,86.87013232,BHADRAK,Uttarasahi,CHANDABALI,,Uttarasahi,
